name,gender,country,athlete_index,athletes_sent,athletes_total,athlete_%
ACHTEREEKTE Carlijn,Female,Netherlands,1,19,41,46.34146341463415
ADAKE Ahenaer,Female,People's Republic of China,1,85,182,46.7032967032967
ADOLFSSON Jessica,Female,Sweden,1,54,118,45.76271186440678
AERTS Sara,Female,Belgium,1,8,19,42.10526315789473
AHMADI Atefeh,Female,Islamic Republic of Iran,1,1,3,33.33333333333333
AICHER Emma,Female,Germany,1,51,148,34.45945945945946
AIDOVA Yekaterina,Female,Kazakhstan,1,17,34,50.0
AKER Agnes,Female,Sweden,1,54,118,45.76271186440678
ALDABERGENOVA Zhanbota,Female,Kazakhstan,1,17,34,50.0
ALIC Esma,Female,Bosnia and Herzegovina,1,3,6,50.0
ALIMBEKAVA Dzinara,Female,Belarus,1,16,28,57.14285714285714
ALTHAUS Katharina,Female,Germany,1,51,148,34.45945945945946
AMBROSE Erin,Female,Canada,1,106,215,49.30232558139535
AMRENOVA Ayaulym,Female,Kazakhstan,1,17,34,50.0
ANDERSEN Amalie,Female,Denmark,1,29,63,46.03174603174603
ANDERSON Jamie,Female,United States of America,1,107,225,47.55555555555556
ANDERSSON Ebba,Female,Sweden,1,54,118,45.76271186440678
ANDERSSON Linnea,Female,Sweden,1,54,118,45.76271186440678
ANDO Asa,Female,Japan,1,72,121,59.50413223140496
ANDREUTTI Giada,Female,Italy,1,46,119,38.655462184873954
ANDRYIANAVA Anastasiya,Female,Belarus,1,16,28,57.14285714285714
ANTHONY Jakara,Female,Australia,1,23,44,52.27272727272727
ANTSYBOR Maryna,Female,Ukraine,1,22,46,47.82608695652174
APARJODE Kendija,Female,Latvia,1,11,61,18.0327868852459
APPIAH Cynthia,Female,Canada,1,106,215,49.30232558139535
ARAMBURO Emilia,Female,Chile,1,2,4,50.0
ARBEZ Tess,Female,Ireland,1,2,6,33.33333333333333
ARIUNSANAA Enkhtuul,Female,Mongolia,1,1,2,50.0
ARONSSON ELFMAN Hanna,Female,Sweden,1,54,118,45.76271186440678
ARSENKINA Galina,Female,ROC,1,109,217,50.23041474654379
ARTHUR Emily,Female,Australia,1,23,44,52.27272727272727
ASCIC Valentina,Female,Croatia,1,7,11,63.63636363636363
ASH Gabi,Female,Australia,1,23,44,52.27272727272727
ASH Sophie,Female,Australia,1,23,44,52.27272727272727
ASPERUP Josephine,Female,Denmark,1,29,63,46.03174603174603
ASSELIN Olivia,Female,Canada,1,106,215,49.30232558139535
ATKIN Zoe,Female,Great Britain,1,22,49,44.89795918367347
AUMOND Flavie,Female,Canada,1,106,215,49.30232558139535
AUZINA Kitija,Female,Latvia,1,11,61,18.0327868852459
AVVAKUMOVA Ekaterina,Female,Republic of Korea,1,30,65,46.15384615384615
AVVAKUMOVA Irina,Female,ROC,1,109,217,50.23041474654379
BAER Alexandra,Female,Switzerland,1,74,169,43.786982248520715
BAFF Josie,Female,Australia,1,23,44,52.27272727272727
BAIRD Jasmine,Female,Canada,1,106,215,49.30232558139535
BANKES Charlotte,Female,Great Britain,1,22,49,44.89795918367347
BANKES Megan,Female,Canada,1,106,215,49.30232558139535
BARBEZAT Melanie,Female,Switzerland,1,74,169,43.786982248520715
BARNES Cayla,Female,United States of America,1,107,225,47.55555555555556
BARON Alizee,Female,France,1,36,86,41.86046511627907
BARQUERO Laura,Female,Spain,1,4,14,28.57142857142857
BARUGH Anja,Female,New Zealand,1,6,15,40.0
BARUZZI FARRIOL Francesca,Female,Argentina,1,4,6,66.66666666666666
BASERGA Amy,Female,Switzerland,1,74,169,43.786982248520715
BASSINO Marta,Female,Italy,1,46,119,38.655462184873954
BATALOVA Maria,Female,ROC,1,109,217,50.23041474654379
BAU Mia,Female,Denmark,1,29,63,46.03174603174603
BEATTY Dahria,Female,Canada,1,106,215,49.30232558139535
BEAUDRY Sarah,Female,Canada,1,106,215,49.30232558139535
BEIERL Katrin,Female,Austria,1,41,105,39.04761904761905
BELINGHERI Sofia,Female,Italy,1,46,119,38.655462184873954
BELL Ashton,Female,Canada,1,106,215,49.30232558139535
BELL Mariah,Female,United States of America,1,107,225,47.55555555555556
BELOMESTNYKH Yulia,Female,ROC,1,109,217,50.23041474654379
BELYAKOVA Lyudmila,Female,ROC,1,109,217,50.23041474654379
BENDIKA Baiba,Female,Latvia,1,11,61,18.0327868852459
BENDIKA Baiba,Female,Latvia,1,11,61,18.0327868852459
BENTZ Coralie,Female,France,1,36,86,41.86046511627907
BERANOVA Tereza,Female,Czech Republic,1,56,115,48.69565217391305
BERGERMANN Zoe,Female,Canada,1,106,215,49.30232558139535
BERGLUND Ebba,Female,Sweden,1,54,118,45.76271186440678
BERGSTROM Paula,Female,Sweden,1,54,118,45.76271186440678
BERREITER Anna,Female,Germany,1,51,148,34.45945945945946
BERTAGNA Silvia,Female,Italy,1,46,119,38.655462184873954
BESCOND Anais,Female,France,1,36,86,41.86046511627907
BIELA-NOWACZYK Weronika,Female,Poland,1,30,57,52.63157894736842
BILOSIUK Olena,Female,Ukraine,1,22,46,47.82608695652174
BINEY Maame,Female,United States of America,1,107,225,47.55555555555556
BIRKELAND Giorgia,Female,United States of America,1,107,225,47.55555555555556
BJOERSETH Thea Minyan,Female,Norway,1,30,84,35.714285714285715
BLAIS Danae,Female,Canada,1,106,215,49.30232558139535
BLASHKO Darya,Female,Ukraine,1,22,46,47.82608695652174
BLONDIN Ivanie,Female,Canada,1,106,215,49.30232558139535
BLOUIN Laurie,Female,Canada,1,106,215,49.30232558139535
BOCH Margot,Female,France,1,36,86,41.86046511627907
BOEHM Marit Fjellanger,Female,Norway,1,30,84,35.714285714285715
BOGATAJ Ursa,Female,Slovenia,1,21,44,47.72727272727273
BOIKOVA Aleksandra,Female,ROC,1,109,217,50.23041474654379
BOLGAREVA Polina,Female,ROC,1,109,217,50.23041474654379
BOMAN Ida,Female,Sweden,1,54,118,45.76271186440678
BONDARE Liene,Female,Latvia,1,11,61,18.0327868852459
BOS Kimberley,Female,Netherlands,1,19,41,46.34146341463415
BOSIEK Karolina,Female,Poland,1,30,57,52.63157894736842
BOTET Paula,Female,France,1,36,86,41.86046511627907
BOUDREAU-GUERTIN Naomy,Female,Canada,1,106,215,49.30232558139535
BOUFFARD-NESBITT Olivia,Female,Canada,1,106,215,49.30232558139535
BOUTIN Kim,Female,Canada,1,106,215,49.30232558139535
BOUVENG Josefin,Female,Sweden,1,54,118,45.76271186440678
BOWE Brittany,Female,United States of America,1,107,225,47.55555555555556
BOZEK Megan,Female,United States of America,1,107,225,47.55555555555556
BRAENDLI Andrea,Female,Switzerland,1,74,169,43.786982248520715
BRAISAZ-BOUCHET Justine,Female,France,1,36,86,41.86046511627907
BRANDT Hannah,Female,United States of America,1,107,225,47.55555555555556
BRATISHEVA Oxana,Female,ROC,1,109,217,50.23041474654379
BRENNAN Rosie,Female,United States of America,1,107,225,47.55555555555556
BREZINOVA Eliska,Female,Czech Republic,1,56,115,48.69565217391305
BRIGNONE Federica,Female,Italy,1,46,119,38.655462184873954
BRITCHER Summer,Female,United States of America,1,107,225,47.55555555555556
BRIX Michele,Female,Denmark,1,29,63,46.03174603174603
BROCKHOFF Belle,Female,Australia,1,23,44,52.27272727272727
BRORSSON Mona,Female,Sweden,1,54,118,45.76271186440678
BROWNE Cendrine,Female,Canada,1,106,215,49.30232558139535
BRUNELLE Florence,Female,Canada,1,106,215,49.30232558139535
BRUNNER Stephanie,Female,Austria,1,41,105,39.04761904761905
BUCIK Ana,Female,Slovenia,1,21,44,47.72727272727273
BUCK Kaylie,Female,Canada,1,106,215,49.30232558139535
BUCKWITZ Lisa,Female,Germany,1,51,148,34.45945945945946
BUJNOWSKI Kristen,Female,Canada,1,106,215,49.30232558139535
BUKOLSKA Katerina,Female,Czech Republic,1,56,115,48.69565217391305
BULLO Nicole,Female,Switzerland,1,74,169,43.786982248520715
BURGHARDT Alexandra,Female,Germany,1,51,148,34.45945945945946
BURRI Ariane,Female,Switzerland,1,74,169,43.786982248520715
BURTASOVA Evgeniya,Female,ROC,1,109,217,50.23041474654379
BYKOVA Irina,Female,Kazakhstan,1,17,34,50.0
BYKOVA Milena,Female,ROC,1,109,217,50.23041474654379
CABROL Camille,Female,France,1,36,86,41.86046511627907
CADURISCH Irene,Female,Switzerland,1,74,169,43.786982248520715
CAI Xuetong,Female,People's Republic of China,1,85,182,46.7032967032967
CAIN-GRIBBLE Ashley,Female,United States of America,1,107,225,47.55555555555556
CAJANOVA Sara,Female,Czech Republic,1,56,115,48.69565217391305
CAKMAKLI Sabrina,Female,Germany,1,51,148,34.45945945945946
CALDWELL Ashley,Female,United States of America,1,107,225,47.55555555555556
CAMERANESI Dani,Female,United States of America,1,107,225,47.55555555555556
CAMPBELL Kristen,Female,Canada,1,106,215,49.30232558139535
CAPOVA Gabriela,Female,Czech Republic,1,56,115,48.69565217391305
CARIKCIOGLU Ozlem,Female,Turkey,1,3,7,42.857142857142854
CARL Victoria,Female,Germany,1,51,148,34.45945945945946
CARLSSON Olivia,Female,Sweden,1,54,118,45.76271186440678
CARPANO Caterina,Female,Italy,1,46,119,38.655462184873954
CARPENTER Alex,Female,United States of America,1,107,225,47.55555555555556
CARRARA Michela,Female,Italy,1,46,119,38.655462184873954
CASANOVA Lara,Female,Switzerland,1,74,169,43.786982248520715
CASHMAN Keely,Female,United States of America,1,107,225,47.55555555555556
CASS Sabrina,Female,Brazil,1,4,10,40.0
CASTELLET Queralt,Female,Spain,1,4,14,28.57142857142857
CAVALLINI Alex,Female,United States of America,1,107,225,47.55555555555556
CERNANSKA Viktoria,Female,Slovakia,1,12,50,24.0
CERUTTI Camille,Female,France,1,36,86,41.86046511627907
CEZIKOVA Anna,Female,Czech Republic,1,56,115,48.69565217391305
CHANLOUNG Karen,Female,Thailand,1,2,4,50.0
CHANNELL Jane,Female,Canada,1,106,215,49.30232558139535
CHARLES Alyson,Female,Canada,1,106,215,49.30232558139535
CHARVATOVA Lucie,Female,Czech Republic,1,56,115,48.69565217391305
CHEN Karen,Female,United States of America,1,107,225,47.55555555555556
CHEN Shuang,Female,People's Republic of China,1,85,182,46.7032967032967
CHEN Tiya,Female,People's Republic of China,1,85,182,46.7032967032967
CHEVALIER Chloe,Female,France,1,36,86,41.86046511627907
CHEVALIER-BOUCHET Anais,Female,France,1,36,86,41.86046511627907
CHI Chunxue,Female,People's Republic of China,1,85,182,46.7032967032967
CHIRTCOVA Anastasiia,Female,ROC,1,109,217,50.23041474654379
CHOCK Madison,Female,United States of America,1,107,225,47.55555555555556
CHOI Minjeong,Female,Republic of Korea,1,30,65,46.15384615384615
CHRISTEN Lara,Female,Switzerland,1,74,169,43.786982248520715
CHTCHETININA Ioulia,Female,Hungary,1,6,14,42.857142857142854
CHU Yuanmeng,Female,People's Republic of China,1,85,182,46.7032967032967
CHUDINOVA Polina,Female,ROC,1,109,217,50.23041474654379
CLAIR Julia,Female,France,1,36,86,41.86046511627907
CLAIRE Caroline,Female,United States of America,1,107,225,47.55555555555556
CLARK Emily,Female,Canada,1,106,215,49.30232558139535
CLAUDEL Delphine,Female,France,1,36,86,41.86046511627907
CLERC Mialitiana,Female,Madagascar,1,1,2,50.0
COADY Tess,Female,Australia,1,23,44,52.27272727272727
COMARELLA Anna,Female,Italy,1,46,119,38.655462184873954
COMOLA Samuela,Female,Italy,1,46,119,38.655462184873954
COMPHER Jesse,Female,United States of America,1,107,225,47.55555555555556
CONSTANTIN Maria Ioana,Female,Romania,1,8,21,38.095238095238095
CONSTANTINI Stefania,Female,Italy,1,46,119,38.655462184873954
CORLESS Natalie,Female,Canada,1,106,215,49.30232558139535
COX Britteny,Female,Australia,1,23,44,52.27272727272727
COYNE SCHOFIELD Kendall,Female,United States of America,1,107,225,47.55555555555556
CRAINE Kailani,Female,Australia,1,23,44,52.27272727272727
CRITCHLOW Tess,Female,Canada,1,106,215,49.30232558139535
CROWLEY Brogan,Female,Great Britain,1,22,49,44.89795918367347
CURTIS Kelly,Female,United States of America,1,107,225,47.55555555555556
CURTONI Elena,Female,Italy,1,46,119,38.655462184873954
CVETANOVSKA Ana,Female,North Macedonia,1,1,3,33.33333333333333
CZAPSKA Zuzanna,Female,Poland,1,30,57,52.63157894736842
CZERWONKA Natalia,Female,Poland,1,30,57,52.63157894736842
CZYSZCZON Magdalena,Female,Poland,1,30,57,52.63157894736842
DAHLQVIST Maja,Female,Sweden,1,54,118,45.76271186440678
DAINYTE Ieva,Female,Lithuania,1,5,13,38.46153846153847
DALMASSO Lucia,Female,Italy,1,46,119,38.655462184873954
DANCHA Annamari,Female,Ukraine,1,22,46,47.82608695652174
DANIOTH Aline,Female,Switzerland,1,74,169,43.786982248520715
DAOUST Melodie,Female,Canada,1,106,215,49.30232558139535
DAUDET Gwendoline,Female,France,1,36,86,41.86046511627907
DAVIDOVA Marketa,Female,Czech Republic,1,56,115,48.69565217391305
DAVIS Diana,Female,ROC,1,109,217,50.23041474654379
de BRUIN Christine,Female,Canada,1,106,215,49.30232558139535
de JONG Antoinette,Female,Netherlands,1,19,41,46.34146341463415
de JONG Michelle,Female,Netherlands,1,19,41,46.34146341463415
DE VAL Almida,Female,Sweden,1,54,118,45.76271186440678
de VRIES Rianne,Female,Netherlands,1,19,41,46.34146341463415
DEAS Laura,Female,Great Britain,1,22,49,44.89795918367347
DECKER Brianna,Female,United States of America,1,107,225,47.55555555555556
DEKKER Michelle,Female,Netherlands,1,19,41,46.34146341463415
DELAGO Nadia,Female,Italy,1,46,119,38.655462184873954
DELAGO Nicol,Female,Italy,1,46,119,38.655462184873954
DELKA Kellie,Female,Puerto Rico,1,1,2,50.0
DELLA MEA Lara,Female,Italy,1,46,119,38.655462184873954
DELLA MONICA Nicole,Female,Italy,1,46,119,38.655462184873954
DEMCHENKO Viktoriia,Female,ROC,1,109,217,50.23041474654379
DERGACHYOVA Yelena,Female,ROC,1,109,217,50.23041474654379
DERUGO Anna,Female,Belarus,1,16,28,57.14285714285714
DESBIENS Ann-Renee,Female,Canada,1,106,215,49.30232558139535
DESCALUI Doina,Female,Republic of Moldova,1,3,5,60.0
DESMET Hanne,Female,Belgium,1,8,19,42.10526315789473
DESMOND Elsa,Female,Ireland,1,2,6,33.33333333333333
DHONDT Brooke,Female,Canada,1,106,215,49.30232558139535
Di CENTA Martina,Female,Italy,1,46,119,38.655462184873954
DIAZ GONZALEZ Nahiara,Female,Argentina,1,4,6,66.66666666666666
DICKSON Emily,Female,Canada,1,106,215,49.30232558139535
DIGGINS Jessie,Female,United States of America,1,107,225,47.55555555555556
DING Yuhuan,Female,People's Republic of China,1,85,182,46.7032967032967
DIREZ Clara,Female,France,1,36,86,41.86046511627907
DOBRODEYEVA Yekaterina,Female,ROC,1,109,217,50.23041474654379
DODDS Jennifer,Female,Great Britain,1,22,49,44.89795918367347
DOLCI Flora,Female,France,1,36,86,41.86046511627907
DOMARADZKA Klaudia,Female,Poland,1,30,57,52.63157894736842
DONG Bing,Female,People's Republic of China,1,85,182,46.7032967032967
DONG Ziqi,Female,People's Republic of China,1,85,182,46.7032967032967
DOUGLAS Montell,Female,Great Britain,1,22,49,44.89795918367347
du Jiani,Female,People's Republic of China,1,85,182,46.7032967032967
DUBOVSKA Martina,Female,Czech Republic,1,56,115,48.69565217391305
DUBROVA Uliana,Female,Ukraine,1,22,46,47.82608695652174
DUERR Lena,Female,Germany,1,51,148,34.45945945945946
DUFF Hailey,Female,Great Britain,1,22,49,44.89795918367347
DUFOUR-LAPOINTE Chloe,Female,Canada,1,106,215,49.30232558139535
DUFOUR-LAPOINTE Justine,Female,Canada,1,106,215,49.30232558139535
DUJMOVITS Julia,Female,Austria,1,41,105,39.04761904761905
DUMAN Aysenur,Female,Turkey,1,3,7,42.857142857142854
DUNKLEE Susan,Female,United States of America,1,107,225,47.55555555555556
DUNNE Jincy,Female,United States of America,1,107,225,47.55555555555556
DUPONT Denise,Female,Denmark,1,29,63,46.03174603174603
DUPONT Madeleine,Female,Denmark,1,29,63,46.03174603174603
DURSUN Ozlem Ceren,Female,Turkey,1,3,7,42.857142857142854
DVORNIK Neja,Female,Slovenia,1,21,44,47.72727272727273
DYVIK Anna,Female,Sweden,1,54,118,45.76271186440678
DZHIMA Yuliia,Female,Ukraine,1,22,46,47.82608695652174
ECKHOFF Tiril,Female,Norway,1,30,84,35.714285714285715
EDEBO Alexandra,Female,Sweden,1,54,118,45.76271186440678
EDER Lisa,Female,Austria,1,41,105,39.04761904761905
EDER Mari,Female,Finland,1,43,96,44.79166666666667
EFREMENKOVA Ekaterina,Female,ROC,1,109,217,50.23041474654379
EGAN Clare,Female,United States of America,1,107,225,47.55555555555556
EGLE Madeleine,Female,Austria,1,41,105,39.04761904761905
EICHINGER Alia Delia,Female,Germany,1,51,148,34.45945945945946
EIDUKA Patricija,Female,Latvia,1,11,61,18.0327868852459
EIE Sandra,Female,Norway,1,30,84,35.714285714285715
EILERTSEN Hanne,Female,Norway,1,30,84,35.714285714285715
ELLENBERGER Andrea,Female,Switzerland,1,74,169,43.786982248520715
ELLIS Trinity,Female,Canada,1,106,215,49.30232558139535
ENZLER Rahel,Female,Switzerland,1,74,169,43.786982248520715
ESCOBAR Sarah,Female,Ecuador,1,1,1,100.0
ESTEVEZ Maeva,Female,Andorra,1,3,5,60.0
ETTEL Leilani,Female,Germany,1,51,148,34.45945945945946
FAEHNDRICH Nadine,Female,Switzerland,1,74,169,43.786982248520715
FALLA Maiken Caspersen,Female,Norway,1,30,84,35.714285714285715
FALLMAN Johanna,Female,Sweden,1,54,118,45.76271186440678
FALYAKHOVA Landysh,Female,ROC,1,109,217,50.23041474654379
FAN Kexin,Female,People's Republic of China,1,85,182,46.7032967032967
FAN SuYuan,Female,People's Republic of China,1,85,182,46.7032967032967
FANG Xin,Female,People's Republic of China,1,85,182,46.7032967032967
FANTELLI Lucrezia,Female,Italy,1,46,119,38.655462184873954
FARKHUTDINOVA Diana,Female,ROC,1,109,217,50.23041474654379
FARQUHARSON Ashley,Female,United States of America,1,107,225,47.55555555555556
FARRELL Megan,Female,Canada,1,106,215,49.30232558139535
FAST Renata,Female,Canada,1,106,215,49.30232558139535
FATKULINA Olga,Female,ROC,1,109,217,50.23041474654379
FAULHABER Hanna,Female,United States of America,1,107,225,47.55555555555556
FEAR Lilah,Female,Great Britain,1,22,49,44.89795918367347
FEI Anna,Female,People's Republic of China,1,85,182,46.7032967032967
FEIGIN Alexandra,Female,Bulgaria,1,6,16,37.5
FENG He,Female,People's Republic of China,1,85,182,46.7032967032967
FENLATOR-VICTORIAN Jazmine,Female,Jamaica,1,1,7,14.285714285714285
FERK SAIONI Marusa,Female,Slovenia,1,21,44,47.72727272727273
FERMBAECK Elsa,Female,Sweden,1,54,118,45.76271186440678
FERNSTAEDT Anna,Female,Czech Republic,1,56,115,48.69565217391305
FIALKOVA Ivona,Female,Slovakia,1,1,50,2.0
FIALKOVA Paulina,Female,Slovakia,1,12,50,24.0
FILLIER Sarah,Female,Canada,1,106,215,49.30232558139535
FINK Pia,Female,Germany,1,51,148,34.45945945945946
FISCHER Jana,Female,Germany,1,51,148,34.45945945945946
FLOCK Janine,Female,Austria,1,41,105,39.04761904761905
FLURY Jasmine,Female,Switzerland,1,74,169,43.786982248520715
FOEDERMAYR Christina,Female,Austria,1,41,105,39.04761904761905
FONTANA Arianna,Female,Italy,1,46,119,38.655462184873954
FONTANIVE Martina,Female,Switzerland,1,74,169,43.786982248520715
FORSTER Sarah,Female,Switzerland,1,74,169,43.786982248520715
FOSSESHOLM Helene Marie,Female,Norway,1,30,84,35.714285714285715
FOURNIER BEAUDRY Laurence,Female,Canada,1,106,215,49.30232558139535
FRAEBEL Antonia,Female,Germany,1,51,148,34.45945945945946
FRANDSEN Malene,Female,Denmark,1,29,63,46.03174603174603
FRASER Amy,Female,Canada,1,106,215,49.30232558139535
FRASSE SOMBET Coralie,Female,France,1,36,86,41.86046511627907
FREITAG Selina,Female,Germany,1,51,148,34.45945945945946
FRIDGEIRSDOTTIR Holmfridur Dora,Female,Iceland,1,2,5,40.0
FRIIS-HANSEN Lilli,Female,Denmark,1,29,63,46.03174603174603
FRISCH Aileen Christina,Female,Republic of Korea,1,30,65,46.15384615384615
FUJIMOTO Moeko,Female,Japan,1,72,121,59.50413223140496
FUJIMOTO Nana,Female,Japan,1,72,121,59.50413223140496
FUJISAWA Satsuki,Female,Japan,1,72,121,59.50413223140496
GAGNON Marie-Michele,Female,Canada,1,106,215,49.30232558139535
GAGNON Sofiane,Female,Canada,1,106,215,49.30232558139535
GAL Melissa,Female,France,1,36,86,41.86046511627907
GALLHUBER Katharina,Female,Austria,1,41,105,39.04761904761905
GALLI Jole,Female,Italy,1,46,119,38.655462184873954
GALLINA Francesca,Female,Italy,1,46,119,38.655462184873954
GALSTYAN Katya,Female,Armenia,1,3,6,50.0
GALYSHEVA Yuliya,Female,Kazakhstan,1,17,34,50.0
GANEYEVA Liana,Female,ROC,1,109,217,50.23041474654379
GANTENBEIN Talina,Female,Switzerland,1,74,169,43.786982248520715
GANZ Caterina,Female,Italy,1,46,119,38.655462184873954
GARABEDIAN Tina,Female,Armenia,1,3,6,50.0
GASIENICA-DANIEL Maryna,Female,Poland,1,30,57,52.63157894736842
GASKELL Elena,Female,Canada,1,106,215,49.30232558139535
GASKILL Stacy,Female,United States of America,1,107,225,47.55555555555556
GASPARIN Selina,Female,Switzerland,1,74,169,43.786982248520715
GASSER Anna,Female,Austria,1,41,105,39.04761904761905
GAUCHE Laura,Female,France,1,36,86,41.86046511627907
GAUTHIER Tiffany,Female,France,1,36,86,41.86046511627907
GEISENBERGER Natalie,Female,Germany,1,51,148,34.45945945945946
GERKEN SCHOFIELD Leonie,Female,Great Britain,1,22,49,44.89795918367347
GERKEN SCHOFIELD Makayla,Female,Great Britain,1,22,49,44.89795918367347
GEVING Aileen,Female,United States of America,1,107,225,47.55555555555556
GHILARDI Rebecca,Female,Italy,1,1,119,0.8403361344537815
GHILENKO Alla,Female,Republic of Moldova,1,3,5,60.0
GIACCIO Olivia,Female,United States of America,1,107,225,47.55555555555556
GILL Tahli,Female,Australia,1,23,44,52.27272727272727
GILLES Piper,Female,Canada,1,106,215,49.30232558139535
GIM Sohui,Female,Republic of Korea,1,30,65,46.15384615384615
GIMMLER Laura,Female,Germany,1,51,148,34.45945945945946
GISIN Michelle,Female,Switzerland,1,74,169,43.786982248520715
GISLER Bianca,Female,Switzerland,1,74,169,43.786982248520715
GLAZKOVA Alexandra,Female,ROC,1,109,217,50.23041474654379
GLUD Silke,Female,Denmark,1,29,63,46.03174603174603
GO Arisa,Female,Japan,1,72,121,59.50413223140496
GOETZ Kimi,Female,United States of America,1,107,225,47.55555555555556
GOGGIA Sofia,Female,Italy,1,46,119,38.655462184873954
GOLIKOVA Angelina,Female,ROC,1,109,217,50.23041474654379
GOLUBEVA Elizaveta,Female,ROC,1,109,217,50.23041474654379
GOMEZ Laura,Female,Colombia,1,1,3,33.33333333333333
GONCHARENKO Angelina,Female,ROC,1,109,217,50.23041474654379
GONG Naiying,Female,People's Republic of China,1,85,182,46.7032967032967
GORNOSTAEVA Anastasia,Female,ROC,1,109,217,50.23041474654379
GORODKO Anastassiya,Female,Kazakhstan,1,17,34,50.0
GRAUR Olessya,Female,Kazakhstan,1,17,34,50.0
GRAY Cassidy,Female,Canada,1,106,215,49.30232558139535
GRECU Andreea,Female,Romania,1,8,21,38.095238095238095
GREDZEN Daria,Female,ROC,1,109,217,50.23041474654379
GREMAUD Mathilde,Female,Switzerland,1,74,169,43.786982248520715
GRENIER Valerie,Female,Canada,1,106,215,49.30232558139535
GRIGOREVA Anastasiia,Female,ROC,1,109,217,50.23041474654379
GRILLET AUBERT Jade,Female,France,1,36,86,41.86046511627907
GROENEWOUD Marijke,Female,Netherlands,1,19,41,46.34146341463415
GU Ailing Eileen,Female,People's Republic of China,1,85,182,46.7032967032967
GUAN Yingying,Female,People's Republic of China,1,85,182,46.7032967032967
GUBANOVA Anastasiia,Female,Georgia,1,4,9,44.44444444444444
GUDNADOTTIR Kristrun,Female,Iceland,1,2,5,40.0
GUERILLOT Vanina,Female,Portugal,1,1,3,33.33333333333333
GUEST Charlie,Female,Great Britain,1,22,49,44.89795918367347
GUIGNARD Charlene,Female,Italy,1,46,119,38.655462184873954
GULINI Faye,Female,United States of America,1,107,225,47.55555555555556
GULLI Anita,Female,Italy,1,46,119,38.655462184873954
GUO Dan,Female,People's Republic of China,1,85,182,46.7032967032967
GUT-BEHRAMI Lara,Female,Switzerland,1,74,169,43.786982248520715
GUTMANN Lara Naki,Female,Italy,1,46,119,38.655462184873954
HACHISUKA Asuka,Female,Japan,1,72,121,59.50413223140496
HACKETT Margaux,Female,New Zealand,1,6,15,40.0
HADZIC Tena,Female,Croatia,1,7,11,63.63636363636363
HAECKI Lena,Female,Switzerland,1,74,169,43.786982248520715
HAEHLEN Joana,Female,Switzerland,1,74,169,43.786982248520715
HAGA Ragnhild,Female,Norway,1,30,84,35.714285714285715
HAKALA Sanni,Female,Finland,1,43,96,44.79166666666667
HALSE Mathilde,Female,Denmark,1,29,63,46.03174603174603
HALVORSEN Hannah,Female,United States of America,1,107,225,47.55555555555556
HAMILL Marin,Female,United States of America,1,107,225,47.55555555555556
HAMILTON Becca,Female,United States of America,1,107,225,47.55555555555556
HAN Dasom,Female,Republic of Korea,1,30,65,46.15384615384615
HAN Mei,Female,People's Republic of China,1,85,182,46.7032967032967
HAN Yu,Female,People's Republic of China,1,85,182,46.7032967032967
HAN Yutong,Female,People's Republic of China,1,85,182,46.7032967032967
HARALAMBIE Daniela,Female,Romania,1,8,21,38.095238095238095
HARMON Savannah,Female,United States of America,1,107,225,47.55555555555556
HARRIGAN Abi,Female,Australia,1,23,44,52.27272727272727
HARVEY Caroline,Female,United States of America,1,107,225,47.55555555555556
HASE Minerva Fabienne,Female,Germany,1,51,148,34.45945945945946
HASLER Melanie,Female,Switzerland,1,74,169,43.786982248520715
HASSELBORG Anna,Female,Sweden,1,54,118,45.76271186440678
HAUGEN Sofie Karoline,Female,Norway,1,30,84,35.714285714285715
HAUSER Lisa Theresa,Female,Austria,1,41,105,39.04761904761905
HAWAYEK Kaitlin,Female,United States of America,1,107,225,47.55555555555556
HAWKRIGG Jennifer,Female,Canada,1,106,215,49.30232558139535
HE Xin,Female,People's Republic of China,1,85,182,46.7032967032967
HECTOR Sara,Female,Sweden,1,54,118,45.76271186440678
HEDIGER Sophie,Female,Switzerland,1,74,169,43.786982248520715
HELDIN Johanna,Female,Sweden,1,54,118,45.76271186440678
HENDRICKX Loena,Female,Belgium,1,8,19,42.10526315789473
HENNIG Katharina,Female,Germany,1,51,148,34.45945945945946
HENSIEN Katie,Female,United States of America,1,107,225,47.55555555555556
HENSLEY Nicole,Female,United States of America,1,107,225,47.55555555555556
HERMANN Tina,Female,Germany,1,51,148,34.45945945945946
HERRMANN Denise,Female,Germany,1,51,148,34.45945945945946
HERZOG Vanessa,Female,Austria,1,41,105,39.04761904761905
HESSLER Pauline,Female,Germany,1,51,148,34.45945945945946
HIERNICKEL Lydia,Female,Switzerland,1,74,169,43.786982248520715
HIGUCHI Wakaba,Female,Japan,1,72,121,59.50413223140496
HIIRIKOSKI Jenni,Female,Finland,1,43,96,44.79166666666667
HILZINGER Jessica,Female,Germany,1,51,148,34.45945945945946
HINZ Vanessa,Female,Germany,1,51,148,34.45945945945946
HJALMARSSON Sara,Female,Sweden,1,54,118,45.76271186440678
HOCHREITER Melanie,Female,Germany,1,51,148,34.45945945945946
HODGSON Makena,Female,Canada,1,106,215,49.30232558139535
HOEFFLIN Sarah,Female,Switzerland,1,74,169,43.786982248520715
HOFER Verena,Female,Italy,1,46,119,38.655462184873954
HOFFMAN Madison,Female,Australia,1,23,44,52.27272727272727
HOFFMAN Sylvia,Female,United States of America,1,107,225,47.55555555555556
HOFFMANN Anna,Female,United States of America,1,107,225,47.55555555555556
HOFFOS Courtney,Female,Canada,1,106,215,49.30232558139535
HOFMEISTER Ramona Theresia,Female,Germany,1,51,148,34.45945945945946
HOFSTETTER Nadine,Female,Switzerland,1,74,169,43.786982248520715
HOGAS Mihaela,Female,Romania,1,8,21,38.095238095238095
HOJNISZ-STAREGA Monika,Female,Poland,1,30,57,52.63157894736842
HOLDENER Wendy,Female,Switzerland,1,74,169,43.786982248520715
HOLICHENKO Sofiia,Female,Ukraine,1,22,46,47.82608695652174
HOLIKOVA Zuzana,Female,Czech Republic,1,56,115,48.69565217391305
HOLOPAINEN Elisa,Female,Finland,1,43,96,44.79166666666667
HOLTMANN Mina Fuerst,Female,Norway,1,30,84,35.714285714285715
HOLZMANN Johanna,Female,Germany,1,51,148,34.45945945945946
HOMAN Rachel,Female,Canada,1,106,215,49.30232558139535
HONKANEN Riikka,Female,Finland,1,43,96,44.79166666666667
HOPJAKOVA Vendula,Female,Czech Republic,1,56,115,48.69565217391305
HORALKOVA Pavlina,Female,Czech Republic,1,56,115,48.69565217391305
HORIKAWA Momoka,Female,Japan,1,72,121,59.50413223140496
HORVATOVA Henrieta,Female,Slovakia,1,12,50,24.0
HOSHINO Junko,Female,Japan,1,72,121,59.50413223140496
HOSKING Elizabeth,Female,Canada,1,106,215,49.30232558139535
HOSOYAMADA Akane,Female,Japan,1,72,121,59.50413223140496
HOWALD Carole,Female,Switzerland,1,74,169,43.786982248520715
HRISTOVA Lora,Female,Bulgaria,1,6,16,37.5
HROMCOVA Petra,Female,Slovakia,1,12,50,24.0
HROVAT Meta,Female,Slovenia,1,21,44,47.72727272727273
HRUZOVA Michaela,Female,Czech Republic,1,56,115,48.69565217391305
HU Baozhen,Female,People's Republic of China,1,85,182,46.7032967032967
HUAI Mingming,Female,People's Republic of China,1,85,182,46.7032967032967
HUANG Huier,Female,People's Republic of China,1,85,182,46.7032967032967
HUANG Yu Ting,Female,Chinese Taipei,1,3,4,75.0
HUBBELL Madison,Female,United States of America,1,107,225,47.55555555555556
HUBER Katharina,Female,Austria,1,41,105,39.04761904761905
HUDEY Marsha,Female,Canada,1,106,215,49.30232558139535
HUETTER Cornelia,Female,Austria,1,41,105,39.04761904761905
HUMPHRIES Kaillie,Female,United States of America,1,107,225,47.55555555555556
HUNKO Lidiia,Female,Ukraine,1,22,46,47.82608695652174
HUOT MARCHAND Tifany,Female,France,1,36,86,41.86046511627907
HURT A J,Female,United States of America,1,107,225,47.55555555555556
HUSKOVA Hanna,Female,Belarus,1,16,28,57.14285714285714
HYMLAROVA Klara,Female,Czech Republic,1,56,115,48.69565217391305
HYNCICOVA Petra,Female,Czech Republic,1,56,115,48.69565217391305
IGNJATOVIC Nevena,Female,Serbia,1,1,2,50.0
IMAI Kurumi,Female,Japan,1,72,121,59.50413223140496
IN 'T HOF Sanne,Female,Netherlands,1,19,41,46.34146341463415
INDRACKOVA Anezka,Female,Czech Republic,1,56,115,48.69565217391305
INDRACKOVA Karolina,Female,Czech Republic,1,56,115,48.69565217391305
INNERHOFER Katharina,Female,Austria,1,41,105,39.04761904761905
IRASCHKO STOLZ Daniela,Female,Austria,1,41,105,39.04761904761905
IRWIN Deedra,Female,United States of America,1,107,225,47.55555555555556
ISHIDA Masako,Female,Japan,1,72,121,59.50413223140496
ISHIZAKI Kotomi,Female,Japan,1,72,121,59.50413223140496
ISTOMINA Mariya,Female,ROC,1,109,217,50.23041474654379
ITO Yuki,Female,Japan,1,72,121,59.50413223140496
IVANOVA Tatyana,Female,ROC,1,109,217,50.23041474654379
IWABUCHI Kaori,Female,Japan,1,72,121,59.50413223140496
IWABUCHI Reira,Female,Japan,1,72,121,59.50413223140496
JACKSON Erin,Female,United States of America,1,107,225,47.55555555555556
JACOBELLIS Lindsey,Female,United States of America,1,107,225,47.55555555555556
JACQUET Simone,Female,Denmark,1,29,63,46.03174603174603
JAIMAN Mida Fah,Female,Thailand,1,2,4,50.0
JAKOBSEN Josefine,Female,Denmark,1,29,63,46.03174603174603
JAMANKA Mariama,Female,Germany,1,51,148,34.45945945945946
JAMES Vanessa,Female,Canada,1,106,215,49.30232558139535
JANATOVA Katerina,Female,Czech Republic,1,56,115,48.69565217391305
JANCOVA Rebeka,Female,Slovakia,1,12,50,24.0
JANG Yujin,Female,Republic of Korea,1,30,65,46.15384615384615
JANKA Erika,Female,Finland,1,43,96,44.79166666666667
JASZAPATI Petra,Female,Hungary,1,6,14,42.857142857142854
JELINKOVA Adriana,Female,Netherlands,1,19,41,46.34146341463415
JENNER Brianne,Female,Canada,1,106,215,49.30232558139535
JENNY Ladina,Female,Switzerland,1,74,169,43.786982248520715
JENSEN Lisa,Female,Denmark,1,29,63,46.03174603174603
JENSEN Nicoline,Female,Denmark,1,29,63,46.03174603174603
JEONG Haerim,Female,Republic of Korea,1,30,65,46.15384615384615
JIALIN Bayani,Female,People's Republic of China,1,85,182,46.7032967032967
JIANG Xindi,Female,People's Republic of China,1,85,182,46.7032967032967
JIN Jingzhu,Female,People's Republic of China,1,85,182,46.7032967032967
JISLOVA Jessica,Female,Czech Republic,1,56,115,48.69565217391305
JOENSUU Jasmi,Female,Finland,1,43,96,44.79166666666667
JOHANSSON Linnea,Female,Sweden,1,54,118,45.76271186440678
JOHANSSON Lisa,Female,Sweden,1,54,118,45.76271186440678
JOHAUG Therese,Female,Norway,1,30,84,35.714285714285715
JOHNSTON Rebecca,Female,Canada,1,106,215,49.30232558139535
JONES Jennifer,Female,Canada,1,106,215,49.30232558139535
JUGOVAC Lea,Female,Croatia,1,7,11,63.63636363636363
JUPPE Anna,Female,Austria,1,41,105,39.04761904761905
KAASIKU Kaidy,Female,Estonia,1,12,26,46.15384615384615
KAASIKU Keidy,Female,Estonia,1,12,26,46.15384615384615
KACHANOVA Daria,Female,ROC,1,109,217,50.23041474654379
KADEVA Daniela,Female,Bulgaria,1,6,16,37.5
KADIROVA Fanuza,Female,ROC,1,109,217,50.23041474654379
KAELIN Nadja,Female,Switzerland,1,74,169,43.786982248520715
KAHARA Jasmin,Female,Finland,1,43,96,44.79166666666667
KALAPOS Zoe,Female,United States of America,1,107,225,47.55555555555556
KALETA Weronika,Female,Poland,1,30,57,52.63157894736842
KALICKI Kim,Female,Germany,1,51,148,34.45945945945946
KALISZEK Natalia,Female,Poland,1,30,57,52.63157894736842
KALKENBERG Emilie Aagheim,Female,Norway,1,30,84,35.714285714285715
KALLA Charlotte,Female,Sweden,1,54,118,45.76271186440678
KALMURZAYEVA Akmarzhan,Female,Kazakhstan,1,17,34,50.0
KAMINAGA Shione,Female,Japan,1,72,121,59.50413223140496
KAMINSKA Valentyna,Female,Ukraine,1,22,46,47.82608695652174
KANAKINA Yulia,Female,ROC,1,109,217,50.23041474654379
KANG Mulan,Female,People's Republic of China,1,85,182,46.7032967032967
KANG Youngseo,Female,Republic of Korea,1,30,65,46.15384615384615
KARALIOVA Hanna,Female,Belarus,1,16,28,57.14285714285714
KARAVA Anni,Female,Finland,1,43,96,44.79166666666667
KARJALAINEN Sini,Female,Finland,1,43,96,44.79166666666667
KARKER Rachael,Female,Canada,1,106,215,49.30232558139535
KARLSSON Frida,Female,Sweden,1,54,118,45.76271186440678
KARVINEN Michelle,Female,Finland,1,43,96,44.79166666666667
KATNIKOVA Ekaterina,Female,ROC,1,109,217,50.23041474654379
KAUF Jaelin,Female,United States of America,1,107,225,47.55555555555556
KAWABE Mana,Female,Japan,1,72,121,59.50413223140496
KAWAMURA Anri,Female,Japan,1,72,121,59.50413223140496
KAWASHIMA Yukiko,Female,Japan,1,72,121,59.50413223140496
KAZAKEVICH Irina,Female,ROC,1,109,217,50.23041474654379
KAZAKOVA Maria,Female,Georgia,1,4,9,44.44444444444444
KEISALA Anni,Female,Finland,1,43,96,44.79166666666667
KEISER Jessica,Female,Switzerland,1,74,169,43.786982248520715
KELLER Megan,Female,United States of America,1,107,225,47.55555555555556
KENNEDY-SIM Sami,Female,Australia,1,23,44,52.27272727272727
KERN Julia,Female,United States of America,1,107,225,47.55555555555556
KESSEL Amanda,Female,United States of America,1,1,225,0.4444444444444444
KHAN Yana,Female,Kazakhstan,1,17,34,50.0
KIIBUS Eva-Lotta,Female,Estonia,1,12,26,46.15384615384615
KIKUCHI Sumire,Female,Japan,1,72,121,59.50413223140496
KIKUCHI Yuki,Female,Japan,1,72,121,59.50413223140496
KILBURG Mia,Female,United States of America,1,107,225,47.55555555555556
KILLI Johanne,Female,Norway,1,30,84,35.714285714285715
KIM A Lang,Female,Republic of Korea,1,30,65,46.15384615384615
KIM Boreum,Female,Republic of Korea,1,30,65,46.15384615384615
KIM Chloe,Female,United States of America,1,107,225,47.55555555555556
KIM ChoHi,Female,Republic of Korea,1,30,65,46.15384615384615
KIM Daeun,Female,Republic of Korea,1,30,65,46.15384615384615
KIM Eunji,Female,Republic of Korea,1,30,65,46.15384615384615
KIM EunJung,Female,Republic of Korea,1,30,65,46.15384615384615
KIM Hyun Yung,Female,Republic of Korea,1,30,65,46.15384615384615
KIM KyeongAe,Female,Republic of Korea,1,30,65,46.15384615384615
KIM Minsun,Female,Republic of Korea,1,30,65,46.15384615384615
KIM Seonsu,Female,Republic of Korea,1,30,65,46.15384615384615
KIM SeonYeong,Female,Republic of Korea,1,30,65,46.15384615384615
KIM Yelim,Female,Republic of Korea,1,30,65,46.15384615384615
KIM YeongMi,Female,Republic of Korea,1,30,65,46.15384615384615
KIM Yooran,Female,Republic of Korea,1,30,65,46.15384615384615
KING Audrey Alice,Female,"Hong Kong, China",1,1,3,33.33333333333333
KINNUNEN Nastassia,Female,Finland,1,43,96,44.79166666666667
KIRILLOVA Anastasia,Female,Belarus,1,16,28,57.14285714285714
KJELLBIN Anna,Female,Sweden,1,54,118,45.76271186440678
KLEMENCIC Anita,Female,Slovenia,1,21,44,47.72727272727273
KLEMENCIC Polona,Female,Slovenia,1,21,44,47.72727272727273
KLEMENCIC Ziva,Female,Slovenia,1,21,44,47.72727272727273
KLEMENTOVA Barbora,Female,Slovakia,1,12,50,24.0
KLINEC Ema,Female,Slovenia,1,21,44,47.72727272727273
KNIERIM Alexa,Female,United States of America,1,107,225,47.55555555555556
KNIGHT Hilary,Female,United States of America,1,107,225,47.55555555555556
KNOCHENHAUER Agnes,Female,Sweden,1,54,118,45.76271186440678
KNOTTEN Karoline Offigstad,Female,Norway,1,30,84,35.714285714285715
KOBAYASHI Chika,Female,Japan,1,72,121,59.50413223140496
KOBIELUSZ Magdalena,Female,Poland,1,30,57,52.63157894736842
KODAIRA Nao,Female,Japan,1,72,121,59.50413223140496
KODAMA Miki,Female,Japan,1,72,121,59.50413223140496
KOHALA Tove,Female,Sweden,1,54,118,45.76271186440678
KOIKE Shiori,Female,Japan,1,72,121,59.50413223140496
KOK Femke,Female,Netherlands,1,19,41,46.34146341463415
KOLLY Noemie,Female,Switzerland,1,74,169,43.786982248520715
KOLOWRATOVA Samantha Ahn,Female,Czech Republic,1,56,115,48.69565217391305
KOMAROVA Mariia,Female,ROC,1,109,217,50.23041474654379
KOMATSUBARA Misato,Female,Japan,1,72,121,59.50413223140496
KOMSIC Andrea,Female,Croatia,1,7,11,63.63636363636363
KONDERLA Nicole,Female,Poland,1,30,57,52.63157894736842
KONG Fanying,Female,People's Republic of China,1,85,182,46.7032967032967
KONG Fanyu,Female,People's Republic of China,1,85,182,46.7032967032967
KONISHI Akane,Female,Japan,1,72,121,59.50413223140496
KONYA Zsofia,Female,Hungary,1,6,14,42.857142857142854
KOPS Hailey,Female,Israel,1,2,6,33.33333333333333
KORZHAKOVA Veronika,Female,ROC,1,109,217,50.23041474654379
KOSOVA Ekaterina,Female,ROC,1,109,217,50.23041474654379
KOTNIK Gloria,Female,Slovenia,1,21,44,47.72727272727273
KOVALEVA Alina,Female,ROC,1,109,217,50.23041474654379
KOYAMA Remi,Female,Japan,1,72,121,59.50413223140496
KOZUBACK Kamilla,Female,Hungary,1,6,14,42.857142857142854
KRAMPE Samanta,Female,Latvia,1,11,61,18.0327868852459
KREHL Sofie,Female,Germany,1,51,148,34.45945945945946
KRIZNAR Nika,Female,Slovenia,1,21,44,47.72727272727273
KRIZOVA Denisa,Female,Czech Republic,1,56,115,48.69565217391305
KROL Aleksandra,Female,Poland,1,30,57,52.63157894736842
KROL Yuliia,Female,Ukraine,1,22,46,47.82608695652174
KRUCHYNKINA Elena,Female,Belarus,1,16,28,57.14285714285714
KRYEZIU Kiana,Female,Kosovo,1,1,2,50.0
KUBO Hanae,Female,Japan,1,72,121,59.50413223140496
KUCEROVA Nikol,Female,Czech Republic,1,56,115,48.69565217391305
KUELM Susan,Female,Estonia,1,12,26,46.15384615384615
KUHN Kaila,Female,United States of America,1,107,225,47.55555555555556
KUKUCZKA Karolina,Female,Poland,1,30,57,52.63157894736842
KULISHOVA Viktoria,Female,ROC,1,109,217,50.23041474654379
KUMMER Patrizia,Female,Switzerland,1,74,169,43.786982248520715
KURAKOVA Ekaterina,Female,Poland,1,30,57,52.63157894736842
KUSMUK Sanja,Female,Bosnia and Herzegovina,1,3,6,50.0
KUSTOVA Alexandra,Female,ROC,1,109,217,50.23041474654379
KUZMINA Ekaterina,Female,ROC,1,109,217,50.23041474654379
KYKKAENEN Julia,Female,Finland,1,43,96,44.79166666666667
KYLLOENEN Anne,Female,Finland,1,43,96,44.79166666666667
LACK Saskja,Female,Switzerland,1,74,169,43.786982248520715
LAFFONT Perrine,Female,France,1,36,86,41.86046511627907
LAITINEN Nelli,Female,Finland,1,43,96,44.79166666666667
LAJOIE Marjorie,Female,Canada,1,106,215,49.30232558139535
LALENKOVA Evgeniia,Female,ROC,1,109,217,50.23041474654379
LAMPIC Anamarija,Female,Slovenia,1,21,44,47.72727272727273
LANDER Jasmin,Female,Denmark,1,29,63,46.03174603174603
LANGENHORST Carolin,Female,Germany,1,51,148,34.45945945945946
LANGLAND Hailey,Female,United States of America,1,107,225,47.55555555555556
LAROCQUE Jocelyne,Female,Canada,1,106,215,49.30232558139535
LARSEN My,Female,Denmark,1,29,63,46.03174603174603
LASKOVA Dominika,Female,Czech Republic,1,56,115,48.69565217391305
LAUKLI Sophia,Female,United States of America,1,107,225,47.55555555555556
LAURENT Greta,Female,Italy,1,46,119,38.655462184873954
LAWES Kaitlyn,Female,Canada,1,106,215,49.30232558139535
LAZARENKO Viktoriia,Female,ROC,1,109,217,50.23041474654379
LEBEL Maureen,Female,United States of America,1,107,225,47.55555555555556
LECLAIR Laura,Female,Canada,1,106,215,49.30232558139535
LEDECKA Ester,Female,Czech Republic,1,56,115,48.69565217391305
LEDECKA Ester,Female,Czech Republic,1,56,115,48.69565217391305
LEDEUX Tess,Female,France,1,36,86,41.86046511627907
LEDLOVA Aneta,Female,Czech Republic,1,56,115,48.69565217391305
LEE Chaewon,Female,Republic of Korea,1,30,65,46.15384615384615
LEE Eui Jin,Female,Republic of Korea,1,30,65,46.15384615384615
LEE Eunice,Female,United States of America,1,107,225,47.55555555555556
LEE Na Yoon,Female,Republic of Korea,1,30,65,46.15384615384615
LEE Wen-Yi,Female,Chinese Taipei,1,3,4,75.0
LEE Yubin,Female,Republic of Korea,1,30,65,46.15384615384615
LEEMANN Sinja,Female,Switzerland,1,74,169,43.786982248520715
LEERDAM Jutta,Female,Netherlands,1,19,41,46.34146341463415
LEFEVRE Lucile,Female,France,1,36,86,41.86046511627907
LESCINSKAITE Gabriele,Female,Lithuania,1,5,13,38.46153846153847
LESHCHANKA Iryna,Female,Belarus,1,16,28,57.14285714285714
LETAI Julie,Female,United States of America,1,107,225,47.55555555555556
LEVI Deborah,Female,Germany,1,51,148,34.45945945945946
LI Beika,Female,People's Republic of China,1,85,182,46.7032967032967
LI Fanghui,Female,People's Republic of China,1,85,182,46.7032967032967
LI Nan,Female,People's Republic of China,1,85,182,46.7032967032967
LI Qianhua,Female,People's Republic of China,1,85,182,46.7032967032967
LI Qishi,Female,People's Republic of China,1,85,182,46.7032967032967
LI Xin,Female,People's Republic of China,1,85,182,46.7032967032967
LI Yuxi,Female,People's Republic of China,1,85,182,46.7032967032967
LIE Lotte,Female,Belgium,1,8,19,42.10526315789473
LIEN Ida,Female,Norway,1,30,84,35.714285714285715
LIENSBERGER Katharina,Female,Austria,1,41,105,39.04761904761905
LIIKALA Julia,Female,Finland,1,43,96,44.79166666666667
LIMBACHER Andrea,Female,Austria,1,41,105,39.04761904761905
LIN Jiaxin,Female,People's Republic of China,1,85,182,46.7032967032967
LIN Ni,Female,People's Republic of China,1,85,182,46.7032967032967
LIN Qiqi,Female,People's Republic of China,1,85,182,46.7032967032967
LIN Sin-Rong,Female,Chinese Taipei,1,3,4,75.0
LIU Alysa,Female,United States of America,1,107,225,47.55555555555556
LIU Jiayu,Female,People's Republic of China,1,85,182,46.7032967032967
LIU Zhixin,Female,People's Republic of China,1,85,182,46.7032967032967
LJUNGBLOM Lina,Female,Sweden,1,54,118,45.76271186440678
LJUTIC Zrinka,Female,Croatia,1,7,11,63.63636363636363
LOELLING Jacqueline,Female,Germany,1,51,148,34.45945945945946
LOEVBLOM Hilma,Female,Sweden,1,54,118,45.76271186440678
LOGAN Devin,Female,United States of America,1,107,225,47.55555555555556
LOKTEVA ZAGORSKAIA Ekaterina,Female,ROC,1,109,217,50.23041474654379
LOLLOBRIGIDA Francesca,Female,Italy,1,46,119,38.655462184873954
LORINCZ Timea,Female,Romania,1,8,21,38.095238095238095
LOTHOLZ Melissa,Female,Canada,1,106,215,49.30232558139535
LOUTITT Alexandria,Female,Canada,1,106,215,49.30232558139535
LOVE Kaysha,Female,United States of America,1,107,225,47.55555555555556
LOWENHIELM Michelle,Female,Sweden,1,54,118,45.76271186440678
LUCHNIKOVA Polina,Female,ROC,1,109,217,50.23041474654379
LUCZAK Magdalena,Female,Poland,1,30,57,52.63157894736842
LUNDER Emma,Female,Canada,1,106,215,49.30232558139535
LUNDIN Sofie,Female,Sweden,1,54,118,45.76271186440678
LUTZ Lena Marie,Female,Switzerland,1,74,169,43.786982248520715
LYLYNPERA Katri,Female,Finland,1,43,96,44.79166666666667
MA Qinghua,Female,People's Republic of China,1,85,182,46.7032967032967
MAAG Natalie,Female,Switzerland,1,74,169,43.786982248520715
MABERGS Sofia,Female,Sweden,1,54,118,45.76271186440678
MACHYNIAKOVA Veronika,Female,Slovakia,1,12,50,24.0
MADEROVA Zuzana,Female,Czech Republic,1,56,115,48.69565217391305
MAEDA Sari,Female,Japan,1,72,121,59.50413223140496
MAGNUSSON Anna,Female,Sweden,1,54,118,45.76271186440678
MAIER Daniela,Female,Germany,1,51,148,34.45945945945946
MAKA Anna,Female,Poland,1,30,57,52.63157894736842
MAKAROVA Anastasiia,Female,ROC,1,109,217,50.23041474654379
MAKHINIA Irma,Female,ROC,1,109,217,50.23041474654379
MAKINEN Eveliina,Female,Finland,1,43,96,44.79166666666667
MALEC Vedrana,Female,Croatia,1,7,11,63.63636363636363
MALISZEWSKA Natalia,Female,Poland,1,30,57,52.63157894736842
MALISZEWSKA Patrycja,Female,Poland,1,30,57,52.63157894736842
MALSINER Jessica,Female,Italy,1,46,119,38.655462184873954
MALTAIS Emma,Female,Canada,1,106,215,49.30232558139535
MALTAIS Valerie,Female,Canada,1,106,215,49.30232558139535
MALTSEVA Ekaterina,Female,ROC,1,109,217,50.23041474654379
MAMEDOVA Elena,Female,ROC,1,109,217,50.23041474654379
MANDELJC Anja,Female,Slovenia,1,21,44,47.72727272727273
MANGAN Tricia,Female,United States of America,1,107,225,47.55555555555556
MANNIMA Tatjana,Female,Estonia,1,12,26,46.15384615384615
MARCISZ Izabela,Female,Poland,1,30,57,52.63157894736842
MARGAGLIO Valentina,Female,Italy,1,46,119,38.655462184873954
MARGULIES Carly,Female,United States of America,1,107,225,47.55555555555556
MARINO Julia,Female,United States of America,1,107,225,47.55555555555556
MARSAGLIA Francesca,Female,Italy,1,46,119,38.655462184873954
MARTI Alina,Female,Switzerland,1,74,169,43.786982248520715
MASCHMEYER Emerance,Female,Canada,1,106,215,49.30232558139535
MASCITTO Cynthia,Female,Italy,1,46,119,38.655462184873954
MASTRO Maddie,Female,United States of America,1,107,225,47.55555555555556
MASUHARA Miyuu,Female,Japan,1,72,121,59.50413223140496
MATINTALO Johanna,Female,Finland,1,43,96,44.79166666666667
MATSOKINA Hristina,Female,ROC,1,109,217,50.23041474654379
MAUD Tessa,Female,United States of America,1,107,225,47.55555555555556
MAURER Saskia,Female,Switzerland,1,74,169,43.786982248520715
MAZI JAMNIK Hana,Female,Slovenia,1,21,44,47.72727272727273
MAZUR Nikola,Female,Poland,1,30,57,52.63157894736842
McCABE Novie,Female,United States of America,1,107,225,47.55555555555556
McDOUGALL Brooklyn,Female,Canada,1,106,215,49.30232558139535
McEWEN Dawn,Female,Canada,1,106,215,49.30232558139535
McKAY Natasha,Female,Great Britain,1,22,49,44.89795918367347
McLEAN Heather,Female,Canada,1,106,215,49.30232558139535
McMANIMAN Audrey,Female,Canada,1,106,215,49.30232558139535
McMANUS Sara,Female,Sweden,1,54,118,45.76271186440678
McMILLAN Chloe,Female,New Zealand,1,6,15,40.0
McNEILL Mica,Female,Great Britain,1,22,49,44.89795918367347
MEDLOVA Klaudia,Female,Slovakia,1,12,50,24.0
MEIER Alina,Female,Switzerland,1,74,169,43.786982248520715
MELBERG Kristine,Female,Denmark,1,29,63,46.03174603174603
MELNIKOVA Polina,Female,ROC,1,109,217,50.23041474654379
MENG Fanqi,Female,People's Republic of China,1,85,182,46.7032967032967
MERKUSHEVA Valeria,Female,ROC,1,109,217,50.23041474654379
MERKUSHYNA Anastasiya,Female,Ukraine,1,22,46,47.82608695652174
MEYERS TAYLOR Elana,Female,United States of America,1,107,225,47.55555555555556
MEYLEMANS Kim,Female,Belgium,1,8,19,42.10526315789473
MI Le,Female,People's Republic of China,1,85,182,46.7032967032967
MICHALIK Aleksandra,Female,Poland,1,30,57,52.63157894736842
MIELZYNSKI Erin,Female,Canada,1,106,215,49.30232558139535
MIKI Tsubaki,Female,Japan,1,72,121,59.50413223140496
MIKUTINA Olga,Female,Austria,1,41,105,39.04761904761905
MILLS Alena,Female,Czech Republic,1,56,115,48.69565217391305
MINKKINEN Suvi,Female,Finland,1,1,96,1.0416666666666665
MIRADOLI Romane,Female,France,1,36,86,41.86046511627907
MIRONOVA Svetlana,Female,ROC,1,109,217,50.23041474654379
MISHINA Anastasia,Female,ROC,1,109,217,50.23041474654379
MIURA Mei,Female,Japan,1,72,121,59.50413223140496
MIURA Riku,Female,Japan,1,72,121,59.50413223140496
MLYNKOVA Natalie,Female,Czech Republic,1,56,115,48.69565217391305
MOIOLI Michela,Female,Italy,1,46,119,38.655462184873954
MOLTZAN Paula,Female,United States of America,1,107,225,47.55555555555556
MOORE-TOWERS Kirsten,Female,Canada,1,106,215,49.30232558139535
MORENO Cande,Female,Andorra,1,3,5,60.0
MORGAN Annika,Female,Germany,1,51,148,34.45945945945946
MOROZOVA Nadezhda,Female,Kazakhstan,1,17,34,50.0
MOURAO Jaqueline,Female,Brazil,1,4,10,40.0
MOWINCKEL Ragnhild,Female,Norway,1,30,84,35.714285714285715
MOY Keely,Female,Switzerland,1,74,169,43.786982248520715
MRAZOVA Katerina,Female,Czech Republic,1,56,115,48.69565217391305
MUELLER Katharina,Female,Germany,1,51,148,34.45945945945946
MUIR Kirsty,Female,Great Britain,1,22,49,44.89795918367347
MUIRHEAD Eve,Female,Great Britain,1,22,49,44.89795918367347
MUKOGAWA Sakurako,Female,Japan,1,72,121,59.50413223140496
MULLER Alina,Female,Switzerland,1,74,169,43.786982248520715
MURADYAN Angelina,Female,Armenia,1,3,6,50.0
MURASE Kokomo,Female,Japan,1,72,121,59.50413223140496
MUREN Emma,Female,Sweden,1,54,118,45.76271186440678
MURPHY Abbey,Female,United States of America,1,107,225,47.55555555555556
MUZAFERIJA Elvedina,Female,Bosnia and Herzegovina,1,3,6,50.0
MYHRVOLD Mathilde,Female,Norway,1,30,84,35.714285714285715
NADYRSHINA Sofiya,Female,ROC,1,109,217,50.23041474654379
NAESLUND Sandra,Female,Sweden,1,54,118,45.76271186440678
NAKAB Elisa Maria,Female,Italy,1,46,119,38.655462184873954
NAKAMURA Yuka,Female,Japan,1,72,121,59.50413223140496
NARRACOTT Jaclyn,Female,Australia,1,23,44,52.27272727272727
NAZAROVA Oleksandra,Female,Ukraine,1,22,46,47.82608695652174
NEISE Hannah,Female,Germany,1,51,148,34.45945945945946
NEPRYAEVA Natalia,Female,ROC,1,109,217,50.23041474654379
NEUBAUEROVA Noemi,Female,Czech Republic,1,56,115,48.69565217391305
NEUENSCHWANDER Esther,Female,Switzerland,1,74,169,43.786982248520715
NI Yueming,Female,People's Republic of China,1,85,182,46.7032967032967
NICK Megan,Female,United States of America,1,107,225,47.55555555555556
NIEMELAE Carola,Female,Finland,1,43,96,44.79166666666667
NIEMINEN Petra,Female,Finland,1,43,96,44.79166666666667
NIFANTAVA Hanna,Female,Belarus,1,16,28,57.14285714285714
NIGMATULLINA Uliana,Female,ROC,1,109,217,50.23041474654379
NIKITINA Elena,Female,ROC,1,109,217,50.23041474654379
NIKITINA Liubov,Female,ROC,1,109,217,50.23041474654379
NIKOLAYEVA Yekaterina,Female,ROC,1,109,217,50.23041474654379
NILSSON Stina,Female,Sweden,1,54,118,45.76271186440678
NISKANEN Kerttu,Female,Finland,1,43,96,44.79166666666667
NISKANEN Tanja,Female,Finland,1,43,96,44.79166666666667
NOENS Nastasia,Female,France,1,36,86,41.86046511627907
NOLTE Laura,Female,Germany,1,51,148,34.45945945945946
NORDIN Emma,Female,Sweden,1,54,118,45.76271186440678
NORDSTROM Emma-Sofie,Female,Denmark,1,29,63,46.03174603174603
NOVA Tereza,Female,Czech Republic,1,56,115,48.69565217391305
NOVAKOVA Barbora,Female,Czech Republic,1,56,115,48.69565217391305
NOVAKOVA Petra,Female,Czech Republic,1,56,115,48.69565217391305
NOVOSAD Anastasiya,Female,Ukraine,1,22,46,47.82608695652174
NTANOU Maria,Female,Greece,1,3,5,60.0
NUFER Priska,Female,Switzerland,1,74,169,43.786982248520715
NULLMEYER Ali,Female,Canada,1,106,215,49.30232558139535
NURSE Sarah,Female,Canada,1,106,215,49.30232558139535
NYLEN-PERSSON Maja,Female,Sweden,1,54,118,45.76271186440678
NYLUND Jenniina,Female,Finland,1,43,96,44.79166666666667
O BRIEN Nina,Female,United States of America,1,107,225,47.55555555555556
OCHNER Nadya,Female,Italy,1,46,119,38.655462184873954
ODINE Meryeta,Female,Canada,1,106,215,49.30232558139535
OEBERG Elvira,Female,Sweden,1,54,118,45.76271186440678
OEBERG Hanna,Female,Sweden,1,54,118,45.76271186440678
OETTL REYES Ornella,Female,Peru,1,1,1,100.0
OFNER Katrin,Female,Austria,1,41,105,39.04761904761905
OHACO Dominique,Female,Chile,1,2,4,50.0
OJA Regina,Female,Estonia,1,12,26,46.15384615384615
OKSBJERG Julie,Female,Denmark,1,29,63,46.03174603174603
OLDHAM Megan,Female,Canada,1,106,215,49.30232558139535
OLEKH Viktoriia,Female,Ukraine,1,22,46,47.82608695652174
OLSSON Moa,Female,Sweden,1,54,118,45.76271186440678
ONASANYA Jennifer,Female,Austria,1,41,105,39.04761904761905
ONEILL Taylah,Female,Australia,1,23,44,52.27272727272727
ONITSUKA Miyabi,Female,Japan,1,72,121,59.50413223140496
ONO Mitsuki,Female,Japan,1,72,121,59.50413223140496
OPSETH Silje,Female,Norway,1,30,84,35.714285714285715
ORLOVA Ksenia,Female,ROC,1,109,217,50.23041474654379
ORMEROD Katie,Female,Great Britain,1,22,49,44.89795918367347
OSAWA Chiho,Female,Japan,1,72,121,59.50413223140496
OSHIGIRI Misaki,Female,Japan,1,72,121,59.50413223140496
OSTERGAARD Julie,Female,Denmark,1,29,63,46.03174603174603
OTAKI Chika,Female,Japan,1,72,121,59.50413223140496
OUAISS Manon,Female,LBN,1,1,3,33.33333333333333
OWENS Kai,Female,United States of America,1,107,225,47.55555555555556
PAETZ Alina,Female,Switzerland,1,74,169,43.786982248520715
PAGANINI Alexia,Female,Switzerland,1,74,169,43.786982248520715
PAGNIER Josephine,Female,France,1,36,86,41.86046511627907
PANCOCHOVA Sarka,Female,Czech Republic,1,56,115,48.69565217391305
PANNEK Kelly,Female,United States of America,1,107,225,47.55555555555556
PANTIUKHOVA Eseniia,Female,ROC,1,109,217,50.23041474654379
PAPADAKIS Gabriella,Female,France,1,36,86,41.86046511627907
PARK Jiwoo,Female,Republic of Korea,1,30,65,46.15384615384615
PARK Jiyun,Female,Republic of Korea,1,30,65,46.15384615384615
PARKER Kathryn,Female,Australia,1,23,44,52.27272727272727
PARMAKOSKI Krista,Female,Finland,1,43,96,44.79166666666667
PARSHINA Alexandra,Female,ROC,1,109,217,50.23041474654379
PASTERNACK Nadja,Female,Switzerland,1,74,169,43.786982248520715
PATKOVA Kristyna,Female,Czech Republic,1,56,115,48.69565217391305
PATTERSON Caitlin,Female,United States of America,1,107,225,47.55555555555556
PAU Nuria,Female,Spain,1,4,14,28.57142857142857
PAUL Kristina,Female,ROC,1,109,217,50.23041474654379
PAULOVA Zuzana,Female,Czech Republic,1,56,115,48.69565217391305
PAVLOVA Valeria,Female,ROC,1,109,217,50.23041474654379
PEARMAN Maddison,Female,Canada,1,106,215,49.30232558139535
PECHNIKOVA Maria,Female,ROC,1,109,217,50.23041474654379
PECHSTEIN Claudia,Female,Germany,1,51,148,34.45945945945946
PEEL Laura,Female,Australia,1,23,44,52.27272727272727
PEJSOVA Daniela,Female,Czech Republic,1,56,115,48.69565217391305
PEJZLOVA Michaela,Female,Czech Republic,1,56,115,48.69565217391305
PENG Cheng,Female,People's Republic of China,1,85,182,46.7032967032967
PENG Qingyue,Female,People's Republic of China,1,85,182,46.7032967032967
PEPERKAMP Melissa,Female,Netherlands,1,19,41,46.34146341463415
PEREIRA de SOUSA MABILEAU Julia,Female,France,1,36,86,41.86046511627907
PERRET Jenny,Female,Switzerland,1,74,169,43.786982248520715
PERSINGER Vicky,Female,United States of America,1,107,225,47.55555555555556
PERSSON Josefine,Female,Denmark,1,29,63,46.03174603174603
PERSSON Linn,Female,Sweden,1,54,118,45.76271186440678
PERVUSHINA Anastasiia,Female,ROC,1,109,217,50.23041474654379
PESLAROVA Klara,Female,Czech Republic,1,56,115,48.69565217391305
PETERMAN Jocelyn,Female,Canada,1,106,215,49.30232558139535
PETERS Maria,Female,Denmark,1,29,63,46.03174603174603
PETERSON Linn,Female,Sweden,1,54,118,45.76271186440678
PETERSON Tabitha,Female,United States of America,1,107,225,47.55555555555556
PETERSON Tara,Female,United States of America,1,107,225,47.55555555555556
PETIT LENOIR Manon,Female,France,1,36,86,41.86046511627907
PETRENKO Iryna,Female,Ukraine,1,22,46,47.82608695652174
PHELAN Brittany,Female,Canada,1,106,215,49.30232558139535
PILCHUK Alina,Female,Belarus,1,16,28,57.14285714285714
PINKELNIG Eva,Female,Austria,1,41,105,39.04761904761905
PIROGOVA Nina,Female,ROC,1,109,217,50.23041474654379
PITTIN Cristina,Female,Italy,1,46,119,38.655462184873954
PLESHKOVA Julia,Female,ROC,1,109,217,50.23041474654379
POHJOLAINEN Rosa,Female,Finland,1,43,96,44.79166666666667
POLYUK Olga,Female,Ukraine,1,22,46,47.82608695652174
PONKRATOVA Elizaveta,Female,ROC,1,109,217,50.23041474654379
PONYA Sara,Female,Hungary,1,6,14,42.857142857142854
POPOVIC Leona,Female,Croatia,1,7,11,63.63636363636363
POPPE Evy,Female,Belgium,1,8,19,42.10526315789473
PORTUNOVA Julia,Female,ROC,1,109,217,50.23041474654379
POULIN Marie-Philip,Female,Canada,1,106,215,49.30232558139535
POUTSMA Selma,Female,Netherlands,1,19,41,46.34146341463415
PREUSS Franziska,Female,Germany,1,51,148,34.45945945945946
PRIBOSIC Urska,Female,Slovenia,1,21,44,47.72727272727273
PRIBYLOVA Vendula,Female,Czech Republic,1,56,115,48.69565217391305
PROCHAZKOVA Alena,Female,Slovakia,1,12,50,24.0
PROCK Hannah,Female,Austria,1,41,105,39.04761904761905
PROSVIRNOVA Sofia,Female,ROC,1,109,217,50.23041474654379
PROVOROVA Yelena,Female,ROC,1,109,217,50.23041474654379
PRYTKOVA Anastasiia,Female,ROC,1,109,217,50.23041474654379
PU Rui,Female,People's Republic of China,1,85,182,46.7032967032967
PUCHNER Mirjam,Female,Austria,1,41,105,39.04761904761905
PULLES Mariel Merlii,Female,Estonia,1,12,26,46.15384615384615
PUSKARCIKOVA Eva,Female,Czech Republic,1,56,115,48.69565217391305
PYKALAINEN Erika,Female,Finland,1,43,96,44.79166666666667
QIU Leng,Female,People's Republic of China,1,85,182,46.7032967032967
QU Chunyu,Female,People's Republic of China,1,85,182,46.7032967032967
QUENNEC Kaleigh,Female,Switzerland,1,74,169,43.786982248520715
QUEYREL Alexia,Female,France,1,36,86,41.86046511627907
QUINTIN Lena,Female,France,1,36,86,41.86046511627907
RADOVA Tereza,Female,Czech Republic,1,56,115,48.69565217391305
RAEDLER Ariane,Female,Austria,1,41,105,39.04761904761905
RAHNEVA Mirela,Female,Canada,1,106,215,49.30232558139535
RAISANEN Meeri,Female,Finland,1,43,96,44.79166666666667
RAJDA Kinga,Female,Poland,1,30,57,52.63157894736842
RAMANAUSKAITE Paulina,Female,Lithuania,1,5,13,38.46153846153847
RAMSAUER Katharina,Female,Austria,1,41,105,39.04761904761905
RAN Hongyun,Female,People's Republic of China,1,85,182,46.7032967032967
RANTALA Sanni,Female,Finland,1,43,96,44.79166666666667
RASELLI Evelina,Female,Switzerland,1,74,169,43.786982248520715
RASSKAZOVA Vera,Female,ROC,1,109,217,50.23041474654379
RAST Camille,Female,Switzerland,1,74,169,43.786982248520715
RATTRAY Jamie Lee,Female,Canada,1,106,215,49.30232558139535
RAUTIONAHO Jenny,Female,Finland,1,43,96,44.79166666666667
RAVENNA Veronica Maria,Female,Argentina,1,4,6,66.66666666666666
REDDINGIUS Kiara,Female,Australia,1,23,44,52.27272727272727
REFSGAARD Amanda,Female,Denmark,1,29,63,46.03174603174603
REID Joanne,Female,United States of America,1,107,225,47.55555555555556
REMME Roni,Female,Canada,1,106,215,49.30232558139535
REPSTOCK-ROMME Cassandra,Female,Denmark,1,29,63,46.03174603174603
REZTSOVA Kristina,Female,ROC,1,109,217,50.23041474654379
RIBERA Eduarda,Female,Brazil,1,4,10,40.0
RIBOM Emma,Female,Sweden,1,54,118,45.76271186440678
RICHARDSON WILSON Dawn,Female,Canada,1,106,215,49.30232558139535
RIEDENER Nina,Female,Liechtenstein,1,1,2,50.0
RIPSRUD Martine,Female,Norway,1,30,84,35.714285714285715
ROBINSON Alice,Female,New Zealand,1,6,15,40.0
ROBNIK Tina,Female,Slovenia,1,21,44,47.72727272727273
RODRIGUEZ LOPEZ Maria Victoria,Female,Argentina,1,4,6,66.66666666666666
ROEISELAND Marte Olsbu,Female,Norway,1,30,84,35.714285714285715
ROGELJ Spela,Female,Slovenia,1,21,44,47.72727272727273
RONG Ge,Female,People's Republic of China,1,85,182,46.7032967032967
ROONEY Maddie,Female,United States of America,1,107,225,47.55555555555556
ROQUE Abby,Female,United States of America,1,107,225,47.55555555555556
ROTH Nina,Female,United States of America,1,107,225,47.55555555555556
RUBLOVA Daria,Female,Ukraine,1,22,46,47.82608695652174
RUEDI Lisa,Female,Switzerland,1,74,169,43.786982248520715
RUEGG Dominique,Female,Switzerland,1,74,169,43.786982248520715
RUKAJARVI Enni,Female,Finland,1,43,96,44.79166666666667
RUMMEL Courtney,Female,United States of America,1,107,225,47.55555555555556
RUSSELL Emma,Female,Denmark,1,29,63,46.03174603174603
RYABOVA Ekaterina,Female,Azerbaijan,1,1,2,50.0
RYDZEK Coletta,Female,Germany,1,51,148,34.45945945945946
RYGALINA Anastasia,Female,ROC,1,109,217,50.23041474654379
RYHNER Noemi,Female,Switzerland,1,74,169,43.786982248520715
SAARINEN Jenni,Female,Finland,1,43,96,44.79166666666667
SABLIKOVA Martina,Female,Czech Republic,1,56,115,48.69565217391305
SADOWSKI SYNNOTT Zoi,Female,New Zealand,1,6,15,40.0
SAEFVENBERG Charlotta,Female,Sweden,1,54,118,45.76271186440678
SAFINA Karina,Female,Georgia,1,4,9,44.44444444444444
SAFONOVA Viktoriia,Female,Belarus,1,16,28,57.14285714285714
SAKAMOTO Kaori,Female,Japan,1,72,121,59.50413223140496
SALEHHUDDIN Aruwin,Female,Malaysia,1,1,2,50.0
SAMSONSEN Julie Nistad,Female,Norway,1,30,84,35.714285714285715
SANFILIPPO Federica,Female,Italy,1,46,119,38.655462184873954
SANTOS Kristen,Female,United States of America,1,107,225,47.55555555555556
SARAULT Courtney,Female,Canada,1,106,215,49.30232558139535
SATO Ayano,Female,Japan,1,72,121,59.50413223140496
SAUERBREY Katherine,Female,Germany,1,51,148,34.45945945945946
SAULNIER Jill,Female,Canada,1,106,215,49.30232558139535
SAVICKAITE Egle,Female,Lithuania,1,5,13,38.46153846153847
SAVOLAINEN Ronja,Female,Finland,1,43,96,44.79166666666667
SAVONINA Anna,Female,ROC,1,109,217,50.23041474654379
SCAMURRA Hayley,Female,United States of America,1,107,225,47.55555555555556
SCARDONI Lucia,Female,Italy,1,46,119,38.655462184873954
SCHEYER Christine,Female,Austria,1,41,105,39.04761904761905
SCHIZAS Madeline,Female,Canada,1,106,215,49.30232558139535
SCHLEPER Sarah,Female,Mexico,1,1,4,25.0
SCHMIDT Hannah,Female,Canada,1,106,215,49.30232558139535
SCHMOTZ Marlene,Female,Germany,1,51,148,34.45945945945946
SCHOTT Nicole,Female,Germany,1,51,148,34.45945945945946
SCHOUTEN Irene,Female,Netherlands,1,1,41,2.4390243902439024
SCHULTE Lisa,Female,Austria,1,41,105,39.04761904761905
SCHULTING Suzanne,Female,Netherlands,1,19,41,46.34146341463415
SCHWAIGER Julia,Female,Austria,1,41,105,39.04761904761905
SCOTT Alexa,Female,Canada,1,106,215,49.30232558139535
SCOTT Danielle,Female,Australia,1,23,44,52.27272727272727
SEIDEL Anna,Female,Germany,1,51,148,34.45945945945946
SEMERENKO Valentina,Female,Ukraine,1,22,46,47.82608695652174
SENECHAL Carla,Female,France,1,36,86,41.86046511627907
SEO Whimin,Female,Republic of Korea,1,30,65,46.15384615384615
SERDAR Lenka,Female,Czech Republic,1,56,115,48.69565217391305
SEREGINA Elena,Female,ROC,1,109,217,50.23041474654379
SERGEEVA Nadezhda,Female,ROC,1,109,217,50.23041474654379
SETO Yuka,Female,Japan,1,72,121,59.50413223140496
SEYFARTH Juliane,Female,Germany,1,51,148,34.45945945945946
SHABOTOVA Anastasiia,Female,Ukraine,1,22,46,47.82608695652174
SHALYGINA Kseniya,Female,Kazakhstan,1,17,34,50.0
SHAO Qi,Female,People's Republic of China,1,85,182,46.7032967032967
SHARPE Cassie,Female,Canada,1,106,215,49.30232558139535
SHCHERBAKOVA Anna,Female,ROC,1,109,217,50.23041474654379
SHELTON Ella,Female,Canada,1,106,215,49.30232558139535
SHEPILENKO Anastasiia,Female,Ukraine,1,22,46,47.82608695652174
SHERINA Natalia,Female,ROC,1,109,217,50.23041474654379
SHIBANOVA Anna,Female,ROC,1,109,217,50.23041474654379
SHIFFRIN Mikaela,Female,United States of America,1,107,225,47.55555555555556
SHIGA Akane,Female,Japan,1,72,121,59.50413223140496
SHIGA Aoi,Female,Japan,1,72,121,59.50413223140496
SHISHIUCHI Miho,Female,Japan,1,72,121,59.50413223140496
SHKANOVA Maria,Female,Belarus,1,16,28,57.14285714285714
SHOKHINA Anna,Female,ROC,1,109,217,50.23041474654379
SHURYGA Angelina,Female,Kazakhstan,1,17,34,50.0
SIEBENHOFER Ramona,Female,Austria,1,41,105,39.04761904761905
SIEGENTHALER Sina,Female,Switzerland,1,74,169,43.786982248520715
SIGHEL Arianna,Female,Italy,1,46,119,38.655462184873954
SIGOURNEY Brita,Female,United States of America,1,107,225,47.55555555555556
SIGRIST Shannon,Female,Switzerland,1,74,169,43.786982248520715
SILDARU Kelly,Female,Estonia,1,12,26,46.15384615384615
SILVEIRA Nicole Rocha,Female,Brazil,1,4,10,40.0
SIMON Julia,Female,France,1,36,86,41.86046511627907
SIMONAKOVA Katarina,Female,Slovakia,1,12,50,24.0
SINITSINA Victoria,Female,ROC,1,109,217,50.23041474654379
SINKUNAITE Gabija,Female,Lithuania,1,5,13,38.46153846153847
SIVOKOVA Kristina,Female,Slovakia,1,12,50,24.0
SKASLIEN Kristin,Female,Norway,1,30,84,35.714285714285715
SKINDER Monika,Female,Poland,1,30,57,52.63157894736842
SKOTT Sofie,Female,Denmark,1,29,63,46.03174603174603
SKRIVER Sofia,Female,Denmark,1,29,63,46.03174603174603
SLEPER Karlien,Female,Netherlands,1,19,41,46.34146341463415
SLETTEMARK Ukaleq Astri,Female,Denmark,1,29,63,46.03174603174603
SLOEVA Ekaterina,Female,Belarus,1,16,28,57.14285714285714
SLOKAR Andreja,Female,Slovenia,1,21,44,47.72727272727273
SMALL Greta,Female,Australia,1,23,44,52.27272727272727
SMART Amelia,Female,Canada,1,106,215,49.30232558139535
SMART Olivia,Female,Spain,1,4,14,28.57142857142857
SMEDING Ellia,Female,Great Britain,1,22,49,44.89795918367347
SMIRNOVA Anastasiia,Female,ROC,1,109,217,50.23041474654379
SMIRNOVA Yulia,Female,ROC,1,109,217,50.23041474654379
SMITH Fanny,Female,Switzerland,1,74,169,43.786982248520715
SMITH Mili,Female,Great Britain,1,22,49,44.89795918367347
SMOLENTSOVA Polina,Female,ROC,1,109,217,50.23041474654379
SOAR Hannah,Female,United States of America,1,107,225,47.55555555555556
SOBOLEVA Natalia,Female,ROC,1,109,217,50.23041474654379
SODERBERG Emma,Female,Sweden,1,54,118,45.76271186440678
SOKHRYAKOVA Elena,Female,ROC,1,109,217,50.23041474654379
SOLA Hanna,Female,Belarus,1,16,28,57.14285714285714
SOMMEROVA Elese,Female,Czech Republic,1,56,115,48.69565217391305
SORINA Tatiana,Female,ROC,1,109,217,50.23041474654379
SOROKINA Maria,Female,ROC,1,109,217,50.23041474654379
SORSCHAG Sophie,Female,Austria,1,41,105,39.04761904761905
SOSINA Olga,Female,ROC,1,109,217,50.23041474654379
SPIES Caroline,Female,Switzerland,1,74,169,43.786982248520715
SPITERI Jenise,Female,Malta,1,1,1,100.0
SPOONER Natalie,Female,Canada,1,106,215,49.30232558139535
STACEY Laura,Female,Canada,1,106,215,49.30232558139535
STADLOBER Teresa,Female,Austria,1,41,105,39.04761904761905
STAENZ Phoebe,Female,Switzerland,1,74,169,43.786982248520715
STALDER Lara,Female,Switzerland,1,74,169,43.786982248520715
STECKLEIN Lee,Female,United States of America,1,107,225,47.55555555555556
STEPANOVA Alexandra,Female,ROC,1,109,217,50.23041474654379
STEPANOVA Veronika,Female,ROC,1,109,217,50.23041474654379
STEPASHKINA Nadezhda,Female,Kazakhstan,1,17,34,50.0
STETSKIV Olena,Female,Ukraine,1,22,46,47.82608695652174
STEVENS Darian,Female,United States of America,1,107,225,47.55555555555556
STEWART-JONES Katherine,Female,Canada,1,106,215,49.30232558139535
ST-GERMAIN Laurence,Female,Canada,1,106,215,49.30232558139535
STJERNESUND Thea Louise,Female,Norway,1,30,84,35.714285714285715
STODDARD Corinne,Female,United States of America,1,107,225,47.55555555555556
STORMOWSKA Kamila,Female,Poland,1,30,57,52.63157894736842
STRAMATURARU Raluca,Female,Romania,1,8,21,38.095238095238095
STRATE Abigail,Female,Canada,1,106,215,49.30232558139535
STREBEL Irina,Female,Switzerland,1,74,169,43.786982248520715
STREMOUS Alina,Female,Republic of Moldova,1,3,5,60.0
STROEM Anna Odine,Female,Norway,1,30,84,35.714285714285715
STUHEC Ilka,Female,Slovenia,1,21,44,47.72727272727273
STUPAK Yulia,Female,ROC,1,109,217,50.23041474654379
SUI Wenjing,Female,People's Republic of China,1,85,182,46.7032967032967
SUMIYOSHI Kisara,Female,Japan,1,72,121,59.50413223140496
SUMMERHAYES Katie,Female,Great Britain,1,22,49,44.89795918367347
SUNDELIN Sofianna,Female,Finland,1,43,96,44.79166666666667
SUNDLING Jonna,Female,Sweden,1,54,118,45.76271186440678
SUTER Corinne,Female,Switzerland,1,74,169,43.786982248520715
SUZUKI Saori,Female,Japan,1,72,121,59.50413223140496
SUZUKI Sena,Female,Japan,1,72,121,59.50413223140496
SUZUKI Yumi,Female,Japan,1,72,121,59.50413223140496
SVEJDOVA Viktorie,Female,Czech Republic,1,56,115,48.69565217391305
SWEENEY Emily,Female,United States of America,1,107,225,47.55555555555556
SWENN LARSSON Anna,Female,Sweden,1,54,118,45.76271186440678
SWIRBUL Hailey,Female,United States of America,1,107,225,47.55555555555556
SZOLLOS Noa,Female,Israel,1,2,6,33.33333333333333
TACHIZAKI Fuyuko,Female,Japan,1,72,121,59.50413223140496
TAKA Suzuka,Female,Japan,1,72,121,59.50413223140496
TAKAGI Miho,Female,Japan,1,72,121,59.50413223140496
TAKAGI Nana,Female,Japan,1,72,121,59.50413223140496
TAKANASHI Sara,Female,Japan,1,72,121,59.50413223140496
TAKEUCHI Tomoka,Female,Japan,1,72,121,59.50413223140496
TALIHAERM Johanna,Female,Estonia,1,12,26,46.15384615384615
TALJEGARD Josefin,Female,Sweden,1,54,118,45.76271186440678
TANAKA Yurie,Female,Japan,1,72,121,59.50413223140496
TANDREVOLD Ingrid Landmark,Female,Norway,1,30,84,35.714285714285715
TANG Jialin,Female,People's Republic of China,1,85,182,46.7032967032967
TANNENBAUM Katie,Female,"Virgin Islands, US",1,1,1,100.0
TAPANI Susanna,Female,Finland,1,43,96,44.79166666666667
TARARYCHENKOVA Alina,Female,ROC,1,109,217,50.23041474654379
TARASOVA Evgenia,Female,ROC,1,109,217,50.23041474654379
TAS Sandrine,Female,Belgium,1,8,19,42.10526315789473
TASCHLEROVA Natalie,Female,Czech Republic,1,56,115,48.69565217391305
TATALINA Anastasia,Female,ROC,1,109,217,50.23041474654379
TAUBITZ Julia,Female,Germany,1,51,148,34.45945945945946
TEJRALOVA Aneta,Female,Czech Republic,1,56,115,48.69565217391305
TEN RAA Gwyneth,Female,Luxembourg,1,1,2,50.0
TERAUDA Endija,Female,Latvia,1,11,61,18.0327868852459
THENAULT Marion,Female,Canada,1,106,215,49.30232558139535
THOMPSON Claire,Female,Canada,1,106,215,49.30232558139535
THOMPSON Marielle,Female,Canada,1,106,215,49.30232558139535
THOMSON Kathryn,Female,Great Britain,1,22,49,44.89795918367347
TIAN Ruining,Female,People's Republic of China,1,85,182,46.7032967032967
TIERNEY Meghan,Female,United States of America,1,107,225,47.55555555555556
TIKHONOVA Olga,Female,Kazakhstan,1,17,34,50.0
TIKHONOVA Sofia,Female,ROC,1,109,217,50.23041474654379
TILLEY Alex,Female,Great Britain,1,22,49,44.89795918367347
TIPPLER Tamara,Female,Austria,1,41,105,39.04761904761905
TIRINZONI Silvana,Female,Switzerland,1,74,169,43.786982248520715
TIRUMA Eliza,Female,Latvia,1,11,61,18.0327868852459
TITA Nefeli,Female,Greece,1,3,5,60.0
TKACHENKO Ekaterina,Female,ROC,1,109,217,50.23041474654379
TODOROVA Milena,Female,Bulgaria,1,6,16,37.5
TOKO Ayaka,Female,Japan,1,72,121,59.50413223140496
TOKO Haruka,Female,Japan,1,72,121,59.50413223140496
TOMINGAS Tuuli,Female,Estonia,1,12,26,46.15384615384615
TOMITA Ruki,Female,Japan,1,72,121,59.50413223140496
TOMITA Sena,Female,Japan,1,72,121,59.50413223140496
TOMITAKA Hinako,Female,Japan,1,72,121,59.50413223140496
TORSANI Anna,Female,San Marino,1,1,2,50.0
TOTH Zita,Female,Hungary,1,6,14,42.857142857142854
TRESPEUCH Chloe,Female,France,1,36,86,41.86046511627907
TROITSKAYA Alexandra,Female,Kazakhstan,1,17,34,50.0
TRUPPE Katharina,Female,Austria,1,41,105,39.04761904761905
TRUSOVA Alexandra,Female,ROC,1,109,217,50.23041474654379
TSIKLAURI Nino,Female,Georgia,1,4,9,44.44444444444444
TSIOVOLOU Maria-Eleni,Female,Greece,1,3,5,60.0
TSUCHIYA Masae,Female,Japan,1,72,121,59.50413223140496
TULUS Noora,Female,Finland,1,43,96,44.79166666666667
TUNYTSKA Yulianna,Female,Ukraine,1,22,46,47.82608695652174
TUOMINEN Minnamari,Female,Finland,1,43,96,44.79166666666667
TURKKILA Juulia,Female,Finland,1,43,96,44.79166666666667
TURNBULL Blayre,Female,Canada,1,106,215,49.30232558139535
TVIBERG Maria Therese,Female,Norway,1,30,84,35.714285714285715
TYULENEVA Valeriya,Female,Kazakhstan,1,17,34,50.0
UHLAENDER Katie,Female,United States of America,1,107,225,47.55555555555556
UHRIG Michelle,Female,Germany,1,51,148,34.45945945945946
UKITA Rui,Female,Japan,1,72,121,59.50413223140496
ULBING Daniela,Female,Austria,1,41,105,39.04761904761905
ULRICHOVA Klara,Female,Czech Republic,1,56,115,48.69565217391305
UNTERWEGER Lisa,Female,Austria,1,41,105,39.04761904761905
UREVC Eva,Female,Slovenia,1,21,44,47.72727272727273
USHKINA Natalia,Female,Romania,1,8,21,38.095238095238095
UUSTALU Aveli,Female,Estonia,1,12,26,46.15384615384615
VAFINA Alexandra,Female,ROC,1,109,217,50.23041474654379
VAINIKKA Viivi,Female,Finland,1,43,96,44.79166666666667
VALCEPINA Arianna,Female,Italy,1,46,119,38.655462184873954
VALCEPINA Martina,Female,Italy,1,46,119,38.655462184873954
VALIEVA Kamila,Female,ROC,1,109,217,50.23041474654379
VALLARIO Nicole,Female,Switzerland,1,74,169,43.786982248520715
van der GRAAFF Laurien,Female,Switzerland,1,74,169,43.786982248520715
van KERKHOF Yara,Female,Netherlands,1,19,41,46.34146341463415
van ZUNDERT Lindsay,Female,Netherlands,1,19,41,46.34146341463415
VANHANEN Sanni,Female,Finland,1,43,96,44.79166666666667
VANISOVA Tereza,Female,Czech Republic,1,56,115,48.69565217391305
VANNIEUWENHUYSE An,Female,Belgium,1,8,19,42.10526315789473
VARABYOVA Yauheniya,Female,Belarus,1,16,28,57.14285714285714
VASILEVA Lilia,Female,ROC,1,109,217,50.23041474654379
VASILTCOVA Mariia,Female,ROC,1,109,217,50.23041474654379
VELZEBOER Xandra,Female,Netherlands,1,19,41,46.34146341463415
VESA Emilia,Female,Finland,1,43,96,44.79166666666667
VESTERSTEIN Kaitlyn,Female,Estonia,1,12,26,46.15384615384615
VIITASUO Ella,Female,Finland,1,43,96,44.79166666666667
VILA OBIOLS Carola,Female,Andorra,1,3,5,60.0
VILLANI Sara,Female,Canada,1,106,215,49.30232558139535
VINECKI Winter,Female,United States of America,1,107,225,47.55555555555556
VISHNEVSKAYA-SHEPORENKO Galina,Female,Kazakhstan,1,17,34,50.0
VITOLA Elina Ieva,Female,Latvia,1,11,61,18.0327868852459
VITTOZZI Lisa,Female,Italy,1,46,119,38.655462184873954
VLHOVA Petra,Female,Slovakia,1,12,50,24.0
VOBORNIKOVA Tereza,Female,Czech Republic,1,56,115,48.69565217391305
VOETTER Andrea,Female,Italy,1,46,119,38.655462184873954
VOIGT Brooke,Female,Canada,1,106,215,49.30232558139535
VOIGT Vanessa,Female,Germany,1,51,148,34.45945945945946
VOISIN Maggie,Female,United States of America,1,107,225,47.55555555555556
VOLFA Estere,Female,Latvia,1,11,61,18.0327868852459
VORONINA Natalia,Female,ROC,1,109,217,50.23041474654379
VOSTRIKOVA Anna,Female,ROC,1,109,217,50.23041474654379
VUJICIC Jelena,Female,Montenegro,1,1,3,33.33333333333333
VUKADINOVA Eva,Female,Bulgaria,1,6,16,37.5
WAKUSHIMA Cool,Female,New Zealand,1,6,15,40.0
WALKER Breeana,Female,Australia,1,23,44,52.27272727272727
WALLNER Laura,Female,Austria,1,41,105,39.04761904761905
WANG Peixuan,Female,People's Republic of China,1,85,182,46.7032967032967
WANG Rui,Female,People's Republic of China,1,85,182,46.7032967032967
WANG Shiyue,Female,People's Republic of China,1,85,182,46.7032967032967
WANG Xuan,Female,People's Republic of China,1,85,182,46.7032967032967
WANG Yuqing,Female,People's Republic of China,1,85,182,46.7032967032967
WANG Yuting,Female,People's Republic of China,1,85,182,46.7032967032967
WAXIN Mina,Female,Sweden,1,54,118,45.76271186440678
WEAGLE Lisa,Female,Canada,1,106,215,49.30232558139535
WEBER Anja,Female,Switzerland,1,74,169,43.786982248520715
WEIDEL Anna,Female,Germany,1,51,148,34.45945945945946
WEIDEMANN Isabelle,Female,Canada,1,106,215,49.30232558139535
WEIDLE Kira,Female,Germany,1,51,148,34.45945945945946
WEIS Michelle,Female,Denmark,1,29,63,46.03174603174603
WEISS Emma,Female,Germany,1,51,148,34.45945945945946
WENG Heidi,Female,Norway,1,30,84,35.714285714285715
WENG Lotta Udnes,Female,Norway,1,30,84,35.714285714285715
WENG Tiril Udnes,Female,Norway,1,30,84,35.714285714285715
WENGER Nadja,Female,Switzerland,1,74,169,43.786982248520715
WESTMAN Frida,Female,Sweden,1,54,118,45.76271186440678
WETLI Stefanie,Female,Switzerland,1,74,169,43.786982248520715
WICK Katharina,Female,Romania,1,8,21,38.095238095238095
WICKI Berenice,Female,Switzerland,1,74,169,43.786982248520715
WIERER Dorothea,Female,Italy,1,46,119,38.655462184873954
WIKLUND Ragne,Female,Norway,1,30,84,35.714285714285715
WIKNER-ZIENKIEWICZ Felizia,Female,Sweden,1,54,118,45.76271186440678
WILES Jacqueline,Female,United States of America,1,107,225,47.55555555555556
WILKINSON Alix,Female,United States of America,1,107,225,47.55555555555556
WOJCIK Andzelika,Female,Poland,1,30,57,52.63157894736842
WOLF Lara,Female,Austria,1,41,105,39.04761904761905
WORLEY Tessa,Female,France,1,36,86,41.86046511627907
WRIGHT Casey,Female,Australia,1,23,44,52.27272727272727
WRIGHT Isabella,Female,United States of America,1,107,225,47.55555555555556
WRIGHT Vicky,Female,Great Britain,1,22,49,44.89795918367347
WU Meng,Female,People's Republic of China,1,85,182,46.7032967032967
WU Shaotong,Female,People's Republic of China,1,85,182,46.7032967032967
WUST Ireen,Female,Netherlands,1,19,41,46.34146341463415
XU Mengtao,Female,People's Republic of China,1,85,182,46.7032967032967
YAMASHITA Hikaru,Female,Japan,1,72,121,59.50413223140496
YAMASHITA Shiori,Female,Japan,1,72,121,59.50413223140496
YANG Shuorui,Female,People's Republic of China,1,85,182,46.7032967032967
YEATON Jessica,Female,Australia,1,23,44,52.27272727272727
YILAMUJIANG Dinigeer,Female,People's Republic of China,1,85,182,46.7032967032967
YIN Qi,Female,People's Republic of China,1,85,182,46.7032967032967
YING Qing,Female,People's Republic of China,1,85,182,46.7032967032967
YONEYAMA Haruna,Female,Japan,1,72,121,59.50413223140496
YOSHIDA Chinami,Female,Japan,1,72,121,59.50413223140496
YOSHIDA Yurika,Female,Japan,1,72,121,59.50413223140496
YOU Young,Female,Republic of Korea,1,30,65,46.15384615384615
YU Baiwei,Female,People's Republic of China,1,85,182,46.7032967032967
ZANDEE-HART Micah,Female,Canada,1,106,215,49.30232558139535
ZANG Ruxin,Female,People's Republic of China,1,85,182,46.7032967032967
ZBYLUT Kinga,Female,Poland,1,30,57,52.63157894736842
ZDOUC Dunja,Female,Austria,1,41,105,39.04761904761905
ZDRAHALOVA Nikola,Female,Czech Republic,1,56,115,48.69565217391305
ZDRAVKOVA Maria,Female,Bulgaria,1,6,16,37.5
ZECHOVSKA Katerina,Female,Czech Republic,1,56,115,48.69565217391305
ZERJAV Neza,Female,Slovenia,1,21,44,47.72727272727273
ZERKHOLD Pia,Female,Austria,1,41,105,39.04761904761905
ZHANG Chutong,Female,People's Republic of China,1,85,182,46.7032967032967
ZHANG Kexin,Female,People's Republic of China,1,85,182,46.7032967032967
ZHANG Lijun,Female,People's Republic of China,1,85,182,46.7032967032967
ZHANG Mengying,Female,People's Republic of China,1,85,182,46.7032967032967
ZHANG Xifang,Female,People's Republic of China,1,85,182,46.7032967032967
ZHANG Yuting,Female,People's Republic of China,1,85,182,46.7032967032967
ZHAO Dan,Female,People's Republic of China,1,85,182,46.7032967032967
ZHAO Qinan,Female,People's Republic of China,1,85,182,46.7032967032967
ZHOU Jiaying,Female,People's Republic of China,1,85,182,46.7032967032967
ZHU Rui,Female,People's Republic of China,1,85,182,46.7032967032967
ZHU Yi,Female,People's Republic of China,1,85,182,46.7032967032967
ZIEBA Hanna,Female,Poland,1,30,57,52.63157894736842
ZIEGLER Miriam,Female,Austria,1,41,105,39.04761904761905
ZIMMERMANN Laura,Female,Switzerland,1,74,169,43.786982248520715
ZIOMEK Kaja,Female,Poland,1,30,57,52.63157894736842
ZOEGGELER Nina,Female,Italy,1,46,119,38.655462184873954
ZOGG Julie,Female,Switzerland,1,74,169,43.786982248520715
ZUK Kamila,Female,Poland,1,30,57,52.63157894736842
ZUKOVA Jelizaveta,Female,Czech Republic,1,56,115,48.69565217391305
ZUMWINKLE Grace,Female,United States of America,1,107,225,47.55555555555556
ZUYEVA Maryna,Female,Belarus,1,16,28,57.14285714285714
